Account ID,Account Handle
304746564,kurtwuckertjr
942477775243563011,handcashapp
173584668,JimmyWinSV
900507789017075712,RealCoinGeek
1097268244283559937,twetchapp
32318850,CalvinAyre
1074694505532715008,BitcoinAssn
1112602843112853506,relayxio
849408704751562755,nChainGlobal
45719896,shadders333
60405591,apagut
1210331258938691584,iamZatoshi
848656782289391616,coinyeezy
1489260991321759747,Dr_CSWright
168542135,cryptoAcorns
949416708690890752,Bitcoin_Beyond
1070845966213922817,Street5Wall
3075992550,BitcoinSVtrain
1011686391435034625,money_button
1087674049331834881,cryptorebel_SV
888500150133374976,_BitcoinSV
119633489,justicemate
528597095,connolly_dan
160164355,vegardwikeby
1200210436462759937,TaalBlockchain
871674632448991238,Centbee
892915205826646017,nondualrandy
59142196,sinoTrinity
36903049,DanielKrawisz
1075717589957918720,Tokenized_com
1105946811699744768,channelBSV
19475634,digitsu
991493656132468737,_unwriter
971581788685504512,CryptoFights
857998692,liujackc
144629482,JamesBelding
1319309852,paalsky
1067984168183783424,ElectrumSV
976014438036750336,elas_co
970487372453261312,Lise0508
19029599,nford
814125560,_electronicCash
1346255455849312257,hastearcade
1223953137259532288,Relicaworld
3890831716,bitcoinkaiser
1124678601402658816,tonicpow
1029900520608223233,BitcoinSVNode
1071091237820735488,MetanetIcu
1210662940090744836,JacksonLaskey
1112871024004018176,sv_weather
15830643,BWDaugherty
954490157603917824,Streaming_Sats
913933013620334592,CryptoAmerican
1081044141214060544,BsvDevs
1116605127517847553,FloatSVcom
1426278263928786945,MineLikeAnApe
1292417965535539201,tswap_io
919239134899834882,MSkieller
1326119279868174337,DXSapp
2842484892,VoltWallet
1180418293917614080,unboundedcap
21335196,ruthheasman
1003286097336590336,Streamanity
1067027174530711553,Rob_GCC
180314533,murphsicles
1449741161632043009,rarecandyio
22413277,wildsatchmo
877088696352342016,NickyNuBitcoin
139821349,eyeone
265103597,alex_moon89
1047121098066804736,HandCashConnect
1137159245936308224,BitpingApp
14629462,boaserichard
2344717311,btchudson
61797383,RebeccaLiggero
1094149265360805888,deanmlittle
1140526234067189760,SirToshiTV
2367271502,CryptoFactor
2800495464,Bitstocks_
1411263319860727810,womenofbsv
794951443811889152,brandonbryant02
2621187178,JackODavies_
314448575,1rootSV
1321581258166718466,InvestWithDiego
844619169178013697,darrenkromrey
539503933,TheMullenMuhr
982259444095397890,simplycashapp
993286823429451782,KanoTheTruth
1034107257724854272,sherryayurveda
854168147712233472,BGCryderman
1002393366536048640,AldersonBSV
1328966190,MZietzke
14605085,deLisserRobin
1081595030559694849,EquityDiamonds
1096359540688207872,zeroconfs1
1432496092407554049,Gopnikz
958830561002340352,SatoshiDoodles
19287846,chblm
319234278,AzhellTom
57320859,kenshishido
1101226158568419335,bsv_is_bitcoin
591606422,_rafa_js
1161367410,TheAttilaAros
1920456805,SebPloetzeneder
3019240946,bullish_art
1226278989259591680,FabriikWallet
1060065901599514624,BHoarder1
974872388,JoelDalais
801031677283889152,libitx
1413370232,RamonQuesadaT
951767349362855936,disco_donald
1075504219279503364,OmniscapeXr
1072807529980129281,BSV_Watchdog
927679560333824000,BSVBoom
976610389353025537,cryptol82603035
9206512,gamaroff
1199495193528979457,Antmantime
18998400,BitCoinDevotee
1356990207090778112,egglrd
29009851,brianarundel
848580518308265984,FuturealSam
789057065100701696,5omni
1067420633615802369,oudekaas3
1411372562517536775,Block_Dojo
1030798805527089152,BillyBitcoins
1049658398994849794,UNISOT_
1125995070639837184,artonchain
431900712,CaptinBitcoin
42180134,deggen
1562041328,hbeckeri
933115515446337537,ApesAndStocks
179461935,m_murfy
1384411003,Manifestable
1070061706095796224,MetanetTech
15060356,torusJKL
1312059057042202624,Brendan_Lee__
982639442,PaulRaj12000
1068547117101268995,WhatsOnChain
843531873674387456,BitcoinSV2022
2447313385,Deadlochcom
1364343822176641026,DaoGorilla
725955748275064832,MemeFaust
25949466,hlopez_
388801588,twetchawk
1093668171544899584,BsvCommunity
1272629075278888961,MetaStreme
1398786650113810433,realworldBSV
802278681691328512,derekm00r3
44831181,TweetyBirdbrain
1086381837843353601,BitsComplicated
1246218507869700097,BernhardCenti
1003767567398338560,RadiantLayerOne
1120820380367765504,agora_icu
1136190411859529728,GravityEco
1102283546830360577,synfonaut
1196441744495300608,MichaelWehrmann
949609567801040896,laurabitcoinsv
1395484425790558211,DuroDogs
1339021702676819968,PayPistol
1344017447301464064,GeorgeSiosi
1083359119711629312,prinzAT
1311694135838101506,UnboundedEnt
993948455146942464,L0R4X
14262197,siosism
385638183,therebelpath
1371992882144542727,hqbsv
1149195007993057280,cityonchain
1176600966516355072,britevue
986077397920505856,mxtterpool
914366057741041664,jaytea_bsv
138132585,shu_BSV
21878554,scottjbarr
1355618645758664704,BigBlockTesters
2375721396,Satoshi_N_
1458591329454366725,BasedApes
26030056,urbanarson
1027593114956058624,BitcoinSofia
1189446089969025025,PeergameEng
20779217,Eastifer
1090430901761105920,BicoDotMedia
276186099,jadwahab
1176844403693850625,wallet_dot
807325612587253762,SteinLudvigsen
16471647,isaacmorehouse
1451015487085707266,OniSociety
1411263458608402433,WoBSV
1040145733947600896,mempool_com
1143664603601211393,JumpstarterSV
967388003193769986,ari_offchain
2376797756,Cirus001
9162122,shruggr
2842264334,jyezyy
2787306236,MasumiHamahira
1224812549885046784,HelloSynerio
1015935704239468544,faiabrand
1488588538363125760,runonbsv
869786496378650624,YobitsVision
3144915679,gavinlucas110
1154987298800324608,realsirquacks
315527421,TK_Coleman
782999317262901248,coinspeak_io
775158541120315392,two2wheel2life
2431546777,vamosvigilante
8301692,linzheming
1415882538162298887,BrittanyBitz
1403124573520818176,Bitcoinassassi7
2741408725,crea_official
1153646894205136896,RateSV1
1331694269732511744,metathomist
837530209301606400,ctblizzard
216633271,1liamchai
1024574032656576512,PixelWallet
1340318517808295936,RusBitcoin
1242374865283235840,SvNote
1302657939036139521,satolearn
1372565090965274626,nftyjigs
1293463233471352832,mintBlue_com
163882184,agsupun
1254652519340482560,AppTestBSV
1008392363738386433,FromArise
1222306016034992128,blarecast
2255960832,excalibur0922
1453938204936060928,AccordMoney
1328819915550289927,canonicxyz
573643231,dailyzhou
1181828826206109697,showpayio
1412516755801612288,FabriikX
1187762457131048961,sv_chat
776264787265200128,Orctep
913834531186192384,getpaypow
95115126,rory_macdonald
237197371,TurkeyChop
340156842,rita_angela
1302658790379130882,Vaionex_Corp
2428792844,bsvguru
819241446066659328,movieseals
839443852557709314,TheFeelogical
479185179,paulee_paul
2932111,newfish
4418970634,OnWindowly
2395318063,_Kevin_Pham
1454220738836189191,FrogCartelNFT
1351200570573549569,meta_desk
31803295,BSVBlockchain
20316154,brad1121
817001751656144896,KPDAD72
100881917,Manse111
1295431516198141957,AyreVentures
892140507505332225,marxbys
1608992342,dmkgll
1103713564542554114,CallisOsmin
1160718925048320000,BitSVNetwork
988993104752594944,imWalterW
18266720,jeffmaxthon
895590566280417281,libertytxn
22495318,T38
1433188137547833345,novoyoyo
2923910827,preev_
920252548103237632,Gate2Chain
1089264860725166081,BitcoinFiles
1075886517178982400,Daniel19jPro
1408351012159516673,bsvdata
1428762332537266181,PartyPew
7343782,ruidasilva
886885931004813312,JGPI2017
895728269554733056,IreneKlaver
1469019376758099972,TakeItNFT
1063282248877633537,hellodagashi
775278091,CryptoPlunderer
1276006495180804097,BSVFree
2955613496,_Brian_Harris
1466215194095407104,bitister
1247911352175230976,jteck1sv
1403336845564559371,shift_observer
334703918,DevelopingZack
1086371525572337664,splifftail710
1162932490069147649,Codugh
104497009,trustyarm
732727014054989824,derek_518
886503588813578241,CryptOdrey
15987356,brentgunning
974873071055200257,lukemayernik
1253493257029459974,ruffbitdog
1159879387606650880,BSVBusinessShow
1255595064463589378,CharityBSV
1365845987613282304,TokenPow1
1382067009718870016,SatoshiSwords
1257893553952264194,MetaIDio
414653048,jaimexbt
15061332,esthon
966400668721467394,my2cents_app
1312167123997937664,Relysia_SV
1370418045370433537,1bitcoinintern
1401296002812825601,Snoozzz2
77895265,VanquishAudio
1170937235044126720,AmlehGold
1376527857363652614,duro_money
26209480,sgbett_614
2450347442,Gannvan
285241780,eolio76
395349799,PJGrube
5841422,andyrowe
1240299288070107137,Deuscypher221E
1148319368687656962,BorschCassie
1167700230990520322,weiblock
752496286742351872,F2Humanity
1090522082004353024,Ins1D30uT
3921123800,DFSGeir
858308713391595520,LZrvll
1116541032777183233,JacksonSatoshiV
1162332636603457536,B2029org
1473150207567167490,FoxSyndicateNFT
941993323052531712,1BitDaddy
95994095,Uncle_Nakamoto
83396665,MandeepTheMC
1210590911924752384,BabushkaGop
46326742,bsvbulldoggy
1173160514828083206,Cryptobo2
1910389087,Ang_Biener
597313289,mindstatex
1169304619689873410,sleepless117
1345010797701959681,PowChess
1069044267157458944,BsvCrypto
1189961950228361219,sennie39
1431681015295184896,bitcoin_phone
204685599,Progcrow
1276527424298274819,COSXBT
1276111723104104450,The_HoodSquad
14841051,mohrt
30854248,mojaber
25063414,AustinOCTW
1181015221000757248,boex_offical
1281630363098345473,stephtowerMNL
913793673443164160,Zigadeebong
2906289614,TeamWinnaar
1373926801521664001,extrax2030
884112415650197504,davin_goodman
65396220,deepwaterz
1018884836709322752,bitbossio
53930269,sirtoshiv
952631957057409031,littlebiggie222
17599528,jeffersonkernel
1068458487598919680,specialized_420
233330797,jimmiebitcoin
448578295,BSVisBitcoin
1202970453561753604,RodSirloin
1163183238120202240,Bitcoinsv_Wales
1019706995320868864,TheBitcoinToken
941372800983498752,hagbarddd
976561629021155328,_idnar
1369551384576544768,basednames
16228611,mistabill
157928405,Firaenix
1208678219576008704,brimlesslab
1351738123823181921,CoinDouche
1438530881103204355,iampewnicorn
1571847199,snaight
1407463272278679552,CUBTokenBSV
955940532848533504,bsvwhale
39482331,AdamBowcutt
951916200350572544,The_Cryptoh_Pro
303301145,Countergrind
15810416,dysmemic
39439906,danwag06
1170928205466701824,TimeSta76701947
1294816718523596801,DappInstitute
1254056665655246849,BaemailMe
1475808941514924035,GalacticMiceSV
1231365719125827585,Codenlighten1
3176777132,keitabsv
1375600544840962052,SensibleBitcoin
1157934030664302592,bitcoinsvdevs
1306213506077863937,_bitpost
1235396048018747394,NBdomain
488533985,JohnnyUtahN9
24724009,EdPownall
54897838,botelhofabio
1377194102421291014,DigitalCollec
1365332536474402819,TheSoonTimes1
1147579548374130688,love_dookie
1090719578806722561,Nemesisbsv
1476996714871635968,JamifyBitcoin
2318204982,c3ntrx
1126910109312061442,CryptoWorldNewx
1185723697224736768,IDomsac
1008665027514007552,BitcoinBehemoth
80296874,clemensley
812850984808574976,Cripto_Bitcoin
14185659,jonathanaird
440144976,TheBSVLounge
1331792516925042689,OnlyOnBitcoin
1412454766177755138,SVTHOTH
1415396351072882688,ShockTheWorld5
1332712294250377218,GoBitFundMe1
13491392,ejfhp
1413412350,SamCoxDJ
1217407217088876545,LetsCreate9
1167898605547663360,5centspace
93544377,rbzbeijing
898308308200824832,BitcoinJerry
1255556304287887360,honahq
25579356,AlexPickard
942294460230193152,DeepDish71
1473315410401546241,VeryRareVenture
1450406314455310339,BlockchainConv
295272896,pepoliopo
900325922712174593,davincilifesv
1465530516170424321,SEMO3D
1459640113479180292,magetaNFT
1275407485327806464,sickkevi
966079631307804672,Zdch3
1120837673420083200,EtchedPage
1323754263999295488,JustNikiMaybe
1149032505313583105,snecktoshi
508143270,PuhekR
1386122279982182401,CFlipNFT
175656956,kyuupichan
1192701216133931008,BsvEvangelist
1128525227103666184,stoichammer
1184285428179800064,littlerocketpos
29200115,aryanb09
329326880,MrBitmonkey
1446890515614650372,castleborne
3183316868,Maxxx_6815
3074578447,beardpappa
48944648,duceswild557
1187380359811350530,akondelin
924298035915579393,BlogueroDigital
1450997915359535104,XYZswap
1147210500725444608,Mr_PeterGec
1511772093955911687,twetchjobs
1294681746106187777,MehdiBensid
1452388963205922817,NinjaPunkGirls
914994579048243200,Ginkgo_tree_Kr
1476364257344299012,RELIXHACKERS
925277060645474304,Stas33496
941810893364563968,klimenos
969574067652186113,DirtyRandell
861180391,K_Haugaard
898543969797275649,ganjamanxxx1
1516106137,NatalieAMason
1197115646829461504,bsvrun
997559844600197120,shortclips1
1271029975802576896,AbendumAs
1447894107435700228,ACP_Nate
1402123843930525701,_mr_scatman_
884084822,DanielLipshitz
902008659558842368,KarlTheProgrmr
1297135225965879296,BSVINTNATIONAL
2312703719,nillavanilla
988273155406938112,Dan_ZLiu
145288246,proofofsatoshi
1119264059973668864,MetanetChat
267581845,M1n1tru3
2280769296,BlockExtreme
952639191594209280,brilliantbit8
1409655638,CostaSga
1112799501335650304,efebles24
956695542972715009,ThomasBakketun
1312331846940848128,immutabyte
3148598951,BasedBabesNFT
984551766141362176,SharkTalk_
855264692,ArtemisKane
825088639956836352,ScottBibler
1205126596929212419,dokkz_com
1146183694564171782,SatoshisQuotes
1126223901409804288,RuneKano
1426128234903711747,BSVClub
1190752106854133760,MetanetSociety
1217251931141226497,tocial_chat
705812720591835137,HighAltitudeInv
3227863536,TrumpetisAwesom
1283172399689629702,blocpodcreative
896605553660755968,leondavibe
1433832091083546688,Lucho_ArtArg
1356221032261169153,AmiCryptoxo
1449516683140362242,sensilet
902771673535012865,BlockPressApp
120971525,BSVBro
295093006,dickcata
1083696687493861376,ONTIERLLP
707313269560586241,freedomFunder
1453975024021426178,BitwomanBSV
943693050198425600,crypto_daze
24007355,sparks42
1119921517,Lindsayf15
2595164142,VeryVeriViral
1337331229025333248,bitcointalent
30880749,MrZ1818
1361413811081781248,420Whoo
3730920982,bitcoinsteffen
934331484239953921,wolfgangbl108
4202081780,bitsko_xt
1354906405883547649,Slasherking5
1372546758887272456,PlayFyx
1473892085602344961,PixelPets3
1088551850855428096,FivebucksC
1350147209245954050,_SteveMoney
708839214108913665,coinboots
52613785,benjaminicholas
960710309940838401,FomoErektus
2447556565,claudiavdvs
208430291,shralped
71167329,ascnft
1462018349290897410,poolsats
2379248064,constantGMI
1354851558,Trumanator12
2565693674,iTabeMan
1381499609160187905,ChCenti
1172130304955490306,bsvrealist
900494539202281474,myBTCNotBruces
1391412659338240000,BSVANDREW
2291790158,coinline
16397051,kittytreats
1364186846897573891,bLackbe1t
1342456144292286465,BTokenProtocol
1022345349959012353,SpartanPrairie
878366847602765825,1steven5000
2471515165,sv_frontier
1036861162174836736,CRYPTICTRADER1
864777286817656833,avadhuta_candra
1456341930548371459,SenorBrucee
1453727803967303694,H10ndamane
1291456594371399680,paypresto_co
1461228412669161473,showappofficial
1012270197502332928,frogking69
1010499608101863424,TestBitcoinLive
515672658,SaturnJS
1400819750091976705,TackyTail
928525477555273728,CryptoDeano_BSV
1404628318918488067,mike59048825
1499748939477794823,nakamotorclub
1029345320251977728,BSVForeverFund
1382452455611506697,ZiomaryB
1230060138804891648,myPaymail
1459767421951041539,GrayFox_inc
609428439,dazk2
1269054802081783808,mikefletcher_
1065336668633235456,bsv_nz
1359681986495799296,djsuperflow
3024469779,WHofford
2921321972,thomasshearer77
1178274547297968128,Fastpaybutton
1226696071105171457,OutputCapital
1011136857566953473,02042020_620538
1282850204,chithanh2013
1117852807934009346,bitstagramcom
950923235553660928,SatoshiEngineer
1073356248668614656,MDRevelations
290554537,meikeXom
932746146312683520,MonkishRex
1261398913,_StarKicker
1068134019034943488,BitIndexNetwork
1121365727590506499,Bitcoin_Swan
66255931,MelRichelle
3815865251,life_BSV
1398924061149904901,tommykinchen
1311833762968358913,castrfm
1466510197917032450,BitAliens1
1473464596606427142,asicBMF
874309141526794241,BSVBabe
926993646913699840,Open_a_Window
1491832763804262410,DoubleAxeApes
1457047320420253698,LVX_COIN
949363323681767426,godof_meme
181850929,joopar816
1361325189561266176,realUXcat
1098466482567237632,marshallgeneri1
1162717081223270401,whatsupsv
1469894054716624896,twonksales
1189481208628932609,HandcashSupport
1144312224158298112,MarshallGrogan
1425880334,Max0SV
1057910263456894978,BSVCentury
529916796,PJM_Says
1446941770038890501,dailyjoker90
4836227583,smoakpipe
1429622233333256194,pew_crew
1066951963936403458,roostersv
1244999550,DereckWDew
988760860385570816,ChicoCifrado
16418644,gmadd
1259899298063343616,a_ManFromMars
1072563719933177858,ShootinTex
292952757,Spoorburger
999660588031606784,BitcoinDevilSV
936230210,LloydPress
1445032316032753669,joinbsv
1367485543374872581,MateInvoice
890583142821748736,BakriElhamim
4824390694,CraleSkog
1356642155478024196,RelayX_Support
1035857731457114112,paopl2020
1052173489040515072,ceosolana
1475335970689982464,PuggoSapiens
1136920876597727232,bsv_dk
1131117604964163584,meilea4
908762238768558082,CryptoRedacted
2852385657,BenTouiSouf
1072038481054990337,westjourneya
985539002978787329,nawBitbot
1336766339621466113,DadFromTwetch
788876585793425408,Maro2781
1164231937646575616,Bsvespanol
1183311978644824064,seafoodchain
1415301351102427141,Microsite6
875940937922338817,jocrislim
1259662348421410816,damxchange
1472713149551943690,1PixelPrimates
973213556060569601,bsvchina
209127287,JamesRMarchant
1056426261055078401,bripasen
907556093483560961,Barefoootz
87913698,stv1024
1014501278225915904,vlisBSV
1078158764,goatincharge
1490036497197588482,ToxicTigersOG
283964765,zirms
999295814848696320,_CincinnatiJack
944205992509677568,ryanxcharles
1033439652127092737,cloudbuster_se
1325410474003927040,twetch619
1132725219318292486,disscodancer
191006362,sherrykochmail
889742278075359232,TwoReelers
1127206138426978304,Jonny14071
921037241165762560,yevgenydevine
140322642,SatoshiVisioner
19595425,HeidiPatmore
1411621912887939073,TwetchToTheMoon
1434810896409403393,benbitcoinsv
16949516,moshing
2633428995,XLBr92
1227341802228867078,spendmybit
198528362,hashamura
74995845,kumo_ph
28636451,znorb2000
1016751824005750786,CrypChain
1119652990305165312,NikamotoS
1382365443915190274,BsvIsrael
1283980428597252096,TalkBSV
5488202,mungojelly
1053832216780910593,Crypto_Stash
1453452910449381376,Ronios10
1446829934618374145,pixelana_
1199151189843234816,Bitdogtoken
68344257,markpiters
524859646,Foutis1
745846002,AbyArtDigital
863306490,Swandiveblue27
588192211,Machiavellecon
1300984398213505027,bitcoindapps
1063013209748070400,DiveCody
874018855210725376,Bayalumaya1
1105191187844079616,Rempejek1
910039143480045568,ndresmith
1137740247083757569,AJ76990535
1001369548157681664,MrsG_MC
1092473029618208772,Joshua_Hullett
140162774,Kabawl
921165651166810122,HoraciusWegener
1009851170,SimonCohen85
1341966357231972353,NourRevan
923943007358935040,iusebsv
1002252614338252800,prayer0000
894375575711662081,Hardforkers
265467012,Christophe_Be
1469006071255601154,AncientNFTS21
936698226106703872,Snugglygope
1363165145610944513,sato_visn
1313678215475392518,1nkeeYT
427799047,kungjew77
872071501650046976,LegareSimon
1142393188319031296,CambrianSV
929329136383901697,Railzt
1030186118581506053,boksnik
2609658366,MakJacobsen
977932548230688768,RexTrugo
8168962,bradjasper
1242768556539785216,DimelyApp
1466311675095961600,bitcoinbooksco
15915978,osmas
1468198888347770881,Silvercoinfox
789328387747655681,hashtagdopey
1117899508132614144,presentlyMihai
967067502672056321,FramesJenco
1240191989817036800,blackgoattrades
60717144,pmitchev
1381211456910295041,SoonNetwork
609051282,rdnxyz
1464041326916288512,fernburn74
2679148962,bobcatbsv
48433052,philbsv
1156923666019618817,myBitShit
89584450,ChiLLaXXn
1252524965850537984,mrhill369
1341036473806675969,BitcoinFroggo
1154759129078075392,BsvGalaxy
32535699,randw
966889143929208832,Jo_Climacus
1192861190264897542,ohnoitsface
1242724770677960705,sentimentdotpro
1260494582527209472,CRYPTOCRAIG9
302174566,_hrusty
920840735880024065,KoloeridiArts
1492967121831317510,NfTfamiliars
17351428,sheikki
1426308862349565952,RetroPopeLuigi
881918725108191232,RodneySA96
1617918913,DavidL_BTC
1376246255102332931,PearTubeP2P
2585987270,1FrogTony
877362804990164993,scrappersNFT
1198607989697064960,1Longji
938487020556517378,ricrossi1
40827263,crisis2peace_
1064759944199659521,SuperiorVictor1
932348690819371011,vires_numeris
4856993415,PypBouer
938510785084575745,CryptoBlueMoon
972048168044191744,angusjbrown
1302867769432715265,UseThatBitcoin
1356595403165155331,Jason97321063
1192462351322222593,operate_bsv
1070734546847629313,AHaircurler
1450233419636617217,BitcoinGh0st
971777132044177409,Ilikedtolurk
2810509605,coolxeo
574980005,HappyStopLoss
1161720148874682369,JacobYako2
42253021,rimfootpolearm
1448569448286195714,forever_realm
1067624853090590720,jcbstwsk
933224930493079553,kingkhan1208
740876772238036992,djannieX
4719176301,POWRARE
1508779576687738888,donfreat
1124855884474081282,bsvlinks
16284406,tonesnotes
1170631513844649984,TwetchCast
960233791854800896,Vince50818862
1494548342432534530,psychoparrots
932841098812071936,discbit
1266699415873437697,eunuch88
3663570493,AnypayX
796725661587165190,___J__O__E__
921139255002521606,CashPromos
24970532,Vemundzo
1112715529037508608,RomainBsv
917327036443590657,hivrapp
791109974193606656,RumojiD
1382070852297056258,EntangleIT
1031895971536334848,bitcoinsv_jp
3082144914,BGAP600
1102735981319380992,bitmecha
1379057519637716995,Felizmenteamar1
2383619184,Number_Sonics
1097242724628135943,Bitcoin_Florida
1218284841936003073,MartinBitCoin
566479653,Hntaigana
949239960,MDF_365
947464844575248384,rahul69396512
69693806,AwesomeMathUse
1354291910089863170,BrandonDk13
2821986845,OoleeOolee
1282634327474319360,bsvaus
1349799626610774017,AdamPaigge
584095619,SoufouS
2261890790,keyatoms
15798963,qvale
1394556261903917059,BBimWalterW
1144523572058025990,youiti2nz
1520924106,nattehanddoek
1205061255230300160,bitqanda
1280361199973003265,21e8ltd
155764490,LennartKi
1631283282,_6ecko
1277514029129318400,MetaStraya
868050548,SocialHorseBSV
204515841,Belgriek
1452759527217111052,UraniumCubeBSV
1378127914198298624,theacut88341493
755059920387579904,rephil_
1030413295650451457,hans8724
1119958082682019840,BitcoinsvS
1357766997396885508,BigCrypin
1216146718346997760,CryptoSydney1
942165369677950978,robccc123
1482039272152600576,IwasBUTTERS
1222328204519596034,arkstreams
1431989885917810701,CATN8_
1171711435195314176,WateryGlobes
1423982589635964929,BitcoinPigSV
2313041000,Mason_Br0
1346773983270678528,Optilon1
524889545,l3randon_ward
1339711735587069952,AlienAntBag
871541653584007169,immortancrow
1164065593093427201,realMedioPay
1379816530158837763,AstronomyDork
1403812455101370369,NathanCropper2
1041607805600296965,JOurfalian
930094299642961920,okuracoin
4834147631,chiuta2010
80242618,GageDrums
1283718171644571650,ogbsv
1058689022011338752,ElectroneumBel1
1134301051803168768,bridger73903740
1000942690119307264,Patrice_Gaucher
3104876795,amartincataldo
920285659411103744,joakim_holmer
1454113257661235200,nvmbearNFT
1478250143015223298,PXLnShit
947328667645984768,cksoin
1491108536,BitcoinSV22
873176339330760706,cryptodiggee
1488742619433734147,lamintapp
1216635200689426432,BitCastSV
1101692715765383169,inkstr_
1437415278640570368,baseddotxrp
1355178444364115969,metashard
1424318553906458628,SVAgency1
39229742,Be1111
1135265856152252416,AzorAhia
1508237793113387010,StoneAgeChads
2297300128,rmhoegh
1451431528374980612,LAWR2100
1159661523045720064,TopupSV
945967431230545921,metalslaw
1496506515301228549,CuteDogsBSV
850404931739824128,Atoshi_Akamoto
1115892601562046464,BitsentN
30668836,Dj_Liberty1
1274700057841995778,trades_true
1435187717923491841,AsukaIoka
1328229923828371457,verlantokyo
1503977698276016129,LizerCorp
740862512292192256,marigod6
1262840364508909569,BitcoinPeterS
1131169867380355072,PasinduMaduhan5
174758378,patrick99e99
1460389313833840642,EMSBSV
1462538859514933249,AceofGears
1435811592474480640,LamidaRodel
1124983090533806086,swider_aw
3886972152,zweispace
1283136680577437697,slashlazz
2785148321,Charlytavu
377398289,satoshnik
7864932,davewantsmoore
1371568858344079364,CheesyFaceBrand
963318067806818309,SBICrypto
550301019,iamMichaella_
49327527,BeNotAfraid29
1475856996393893890,satoshisDragons
48985603,VJRiddell
764189791596404736,breadofsean
1038729927204384769,stephenprober12
1466590845155831810,DefrontierNet
160754954,splitbot
925284992,tabi_bitcoiner
1469124712584278016,realonchainnft
726769677112733700,MetaNetTV
1385554660195512321,MyTwetchFeed
709933726801727488,penny_flipping
358769625,rangelwulff
953453081748037632,artist_kriztix
933285654724857856,CryptoFX93
744190771,bluegod_001
2328789505,BearCorpRIP
1414661781050601483,AboutBsv
856707119403474944,BSV_TR
227596689,1soysauce
1095618747866451968,AndySan34394211
1422001945083105283,BSVcoiners
2485367419,tyashoj
2848165900,indeguy_1
1067408366132113408,nondisinterest
229548918,meganeutral
1143990862138896385,freeradical_aus
1372567051542351872,playhashwar
1119242755006447619,BlockchainDance
2908988953,winterwishin
344619158,SatwantSK
23321023,Ahankara
236644623,king__bingo
784497782811873280,DDanylevych
945848897892646921,tradingjayjay
610110011,eic_song4u
1190116811968147456,craz_tom
1260390843090964480,Earn_SV
29276485,san00bie
2645589422,SheriUcar
73629450,neilyboy67
2770511,Devar
1325574959578615809,Spe22358987
1063855566072688640,SatoshiTruth
1015117066947452928,FThooligan
15840183,lmazur
1474654122141966341,SvVoyo
952719377014517760,Clay06161819
2270310200,buyemoney
1095420157281951744,BSVHaarlem
3276288246,thejosuard
958755053497651201,MariamAzeb
1143746454378430464,HadronRaging
1884334688,KKWuckert
1392187547124572166,eva44965
280360818,Abraham_Shim
1438545771381628933,cd300000
20591089,aaronsevivas
931690746872201216,jesusisinside
1499047344213565449,NovoBitcoin
1476407126595620865,BSVBotheads
1338987315939643397,BsvSudan
1217438689179074560,koalamentIO
919880430,danibelding
1014122201296134145,Yeeri146
1690701620,JCerian
1149896229704359936,cyphergato
155829292,mrcossack
1044817107177930752,FnqComp
1357690808464404480,BitcoinHorse_io
1448982512966021120,BSV_NFTs
910310036022337536,iotacom
111932675,ImTheNotorious1
1453192404,Judas160
47469783,RichSchultz3
73564685,Sintotwolf
960910756752580608,maxherbertwest
1480510196338372611,Fronks_NFT
1160376545858478081,BiIboSV
1732375200,ChanguitoBSV
1318273847037145091,montenegro_sv
278262497,GaryMillerrr
843423927665922048,EmrahBSV
89454245,PhenomenonOne
1371892232551333890,DLSIT1
1428726620328706052,Wilmariart_
1398284812708950018,MusicArt_nft
1019828249067601920,Ramizikram
959993543627386880,realsurgesolar
736062687759605761,ob1ock
765474142254575616,NishanLibertine
226707500,uytcow
1264008648,andr9100
1215802655819345920,The_Stockmen
952988172073521152,mpapec2010
2594826336,heardsmith
1458289090525335555,KipMafiaNFTs
900824877032235012,HealthWarrior1
393590840,KingDevon11
985321631701581825,thskrql11
1035935097717972996,JWalkyr
1342830639477911553,HershTwity
950671576055328768,XbitsIO
1321147261720645632,JonathanVaage
1136336753604775936,KamranFrancois
1480117791118270466,StickD00dz
1131135783669260289,Rafa87790596
759001649528475648,britesense
1468915861729726466,CrazyBotData
229627645,jasonchavannes
298151967,ilia_obraztcov
865409047658323970,lucky8six
118613088,Latifv6
1354284044771598339,BitSurfApp
1492147705610604545,skepticteensbsv
1457480649166635012,REDDEADBSV
3438032734,CrazyRobotNFT
1298740626964570114,Raspora_
785952155437969408,007_Xia
1460859424956948487,MatchMolly
1392047129581867009,ChloAquino
115196930,s_curves
1132769946348298240,bitcoinquery
1257045045947043840,bsvfan_
1347774813528473600,CamilleKenton
1298512531334369281,MoneyStreamCash
1410197601505316866,davidd_bsv
1034018149903958017,TheKelJohn
839623734088646657,_Qoozie
1477400425598898177,BunnyCartel
1372609029382496261,GriggsBH
911789228,gulucraft
1942280792,bash_editor
178653459,meysamrezaei
955815327203434496,BitcoinJeepney
1274214411981295616,twostack_org
2432031027,Matte_ag
3323728491,ashmotoDisciple
2944273528,diablo_bih
1153300838187753472,HandcashBot
1271392712860844037,BitcoinChosen
1470997451809046531,FAPVERSE
1011252581304324096,TrueAlphaWolf66
903726213717479424,CeunenBjorn
1066322575473762304,M15t3rE
1514036986541080577,Swaggins218
867697416505618432,KingTon7872
1036348495,1BlairJohnston
884776328435814400,RideTheNexus
1192027877602201600,JohnWayne_SV
1451215118377922577,Cyber_Rogues
1185678136970604544,SideHustleYogi
1463066901727178755,nftonshow
85878918,syafiqmohamed
1390387014021779456,BitcoinisBSV
840959879560876032,bsv_sunnydays
1496053708408295428,NewsOnChain
715721990078734336,Luxo8555
901527154290286592,shmonuel
1363597278422966273,mikesoundoshi
14843922,Dense_Body
14598750,Lrock
2385961292,bitcoinscl
827501334488158209,rolling_royalty
1454649779481419779,mercaverso_cu
1483138735667654659,UpsideDean
1427272135534338051,RobGanon
1298497344841932806,nftsworldwide
582143020,jsmit2002
4356032292,Aladdin_Tintin
1069437972712488960,null_441
1456020632152461313,JellybeanBits
1199348354771107842,NPCaustralia
108646534,neolha
1509035100796710914,ShinWooSv
949494954568581126,AchiaRCD
936924468621950976,real_joe_1990
1393162438896275456,Sherson63640
331138477,blzn540
985695925875105792,SanchoNakamoto
1458764975523221506,_PerfectBoris
1413578533666922496,AlfredoNakamoto
144700137,tongxiaofeng
702330606189998084,OliversWilde
636147094,REM_BSV
1412048135300415488,BSVERDAO
940694998739226624,BitgorCapital
1473091673852891137,itseviart
1074430583068131329,cryptoswede1
1094463029226303488,noursvja
788469188,seoulwhite
314995268,TacoBit_
1072287191823396864,bunnycoin1
170350940,openwjh
1563133160,helimpopo
13326372,salathe
764365488,satoshilovesu
947841096,viscee
1223051491537190914,Bish_ops
1452667512760541196,jeynik888
1474633774306508805,Lord62819747
1372301039588630530,Fhaye0419
888020411925004288,4goals86
1193688937094500353,SamuelC69424874
1483555457222516736,bigJohnbsv
915951714645057537,hirazo_cc
2374285172,MeneerToet
999879328098729984,TheRealBitcoin5
941562344034803712,timmy32746329
1437590786833592320,invertedNormal
1484295739228446723,BrunetteGunner
35062007,brianstockwell
1094685463544320000,zero_block
745396830704386048,ZUGZUG101
1009930754,CryptoD0N
961570344225079296,SafeHarborBank
94273999,kevinejohn
1851298548,Rachelmetaid
107717012,guvencci
1345213319427211264,SatoSeedSV
1073982726611582978,ChrisH75995549
1010140274,joesun72
261285025,mbs_ctt
3321010865,ChloeTartan
980948104793985025,Blue_europe
886586006840979457,Blaz0Bozovic
9313082,Cadar
33686771,Ahmed_TechNow
1459116958859894787,GenesisVlad
1019084504231579648,tlockshire
1490365730260500485,mycelialFunGuy
1095800908947042304,Nnomnom3
842988756,dlancashi
997770245413588995,PrecisionHuman
1485668801416945669,JksaksS
1444465181904539650,weedfiendz
912943158841012224,cryptoshoppe
920194708953059328,V4HUMANITY
1502236379572543488,skillicash
3014312055,BarefeetSteve
18692853,Pvasco
1171595296855351296,CCASH90
901681769350496256,fin_independ
1058633072445415424,Tomconn92205433
1381365618524315650,bitcoin_is_bsv
734430097,Gintsuba324
1429284891318001668,Daisynft
1218502788293918720,TTR_2020
924167480108388352,0xMadness
911157546689241088,REmaltese
3155667005,blokzinciri
1335528441609740297,0xkyudecrypto
1025470996378202112,EnjinBae
1077435637073092609,SPELL_Army
44225114,philrun
1144070376928026624,BsvDirect
386147685,wordspright
1206023168181227520,BitcoinSVJapan
3919607957,MzMagnusOpus
1459222720198189071,_FishermanIgor
982217856803790848,gianninx2013
1492761178338041859,vibeylon
1464350270440235014,xyzBasedApe
943394228511522816,Ra_The_Great
1301008709204598784,Contrar40166742
1043351561211019264,Gandalf924
119345243,itsbianky
1387257321508597760,nfttradingbots
1139903587386122240,blockextract
2774759859,P2PDigitalCash
3925894520,ISHIDA00443185
497530420,wer5lcy
1129241498053218305,FieldofSpears
951528258364850176,JasonGaylord10
1338434450703716353,qnbs9
1392083838269104129,Mikael16110062
937390825696264192,CryptoJetHammer
913494035909750785,cryptartica
1289099780409315328,PacArtCollect
1483163551992737794,1pixelmatrix
1274634513314746369,BitpingOutages
884299345452965888,shenkaisv
1247542795033665537,Gemscape
863002334,babble_marcia
1019960161580957696,DavidLiRocks
1264089492463419393,Gutek78977217
1492196241333264384,SatiWoman
12440502,mediazone
980598312469483522,lilconscience
1349435069656670209,BSVBahamas
135999719,vikramRihal
948561502981763072,jim_bowley
934366644700352512,Reizma108
1203335522808025088,nourpool
1094644509605052420,Bitcoin_BSV_Es
57203249,JelksCabaniss
2501042676,darrenrwilks
730676557799297024,_scarcetti
342216597,SabWeber
1351935017992265731,DXSappESP
1359724652151586819,sandman_5
1444719415736639495,TheBitCoinFed
891481165617668097,Barosz23
44815868,_kapilj
555358881,unanon_
1459685339165978624,BrimhallAaron
1185099056458059776,BitcoinsBaker
404182874,PhillieB132
227084364,rallieon
1076668673266376704,BSVExchange
608738246,modz0815
369079359,JeromeCliche
25476055,JAFER38
935863276344406016,genaards
789174217,FernandoRionda2
1365148052600856579,MontcrratRH
127535874,Fel0niousMusic
40612858,ChefMyKLove
1153644558275743745,BITCOINP2PCASH
1473786534872686601,RareGandalf
929402876128124928,jgstensby
257023421,ChristianStahl6
1220474948734636033,BSVCMR
981805217506385921,me_bsv
1485567581956321283,MyLagacyKit
469677670,malkavianbilbao
1464705145,JussiSiisto
1383144805262315521,bigriz15
1141893800681304064,KwabaSv
1467942901539688448,Steven00047783
1394221682647343110,CryptoJoel01
1483670036476747779,WhoseFaceNFT
1271128773614686209,bl4ss3y
1442084783417294852,philippinesbsv
919060242503229440,andrespollan
1131292799905804288,SatoshiVisionB
150726182,jashpetty
230892739,ratelmoney
1273530714,JordanPoole87
939864513603620864,SatoshisFriend
1466136249060712452,RamonIsSkull
1383822612833337347,vipnft
1477342921577881612,PRDeptBSV
229027244,lephudao
1347182359662227456,TheSukiShow
1258497581027676163,elixaveh
772749725082656768,Edward_BitKan
943014066871660549,__metataro
1115564527,Proportionatty
1316605518635569152,bsv_africa
1108705922497634304,spiffft
1090297940491624448,Guillau64987251
969203798198640641,niksenart
1422624603462066179,1rexxie
1118311561079267328,BittBoards
2940686148,rohansharan
1160009988607053824,PolymathCrypto
1450327025009381382,AryanChadGopnik
1133344645386260482,MeanMusicDistr1
2975497706,AyreFoundation
964520237461790720,acacia_ebuy
32872392,raustring
1237616638268243969,real_radanne
1470820134419795972,ArtEveryday_
3401228307,arusselltech
251810703,Socratezonline
988188857370898433,Jozanneofficial
1444846254236766211,rmdorta
1284362986472128512,Nneko21009806
858037327,Rob_Graham_878
42339952,Annee21
1400541037576212486,BSVPizza
1152980148255436800,JamesOosterhui1
1220043301233053697,stiffonacci
1477807966153846789,metanet_games
1022396809581408257,redPillaGorilla
231860722,duggboy
985938683202293760,GoranSofija
1035487869480009728,Superman19863
291554487,JamesRoccelli
1010558235848380416,Nowyour3
1161763391997915137,haichan_dot_us
1409078129071591430,tqh3e788fc
763514219119702017,BsvDuro
967221637803159552,atsushi62927471
225663885,tatt_bsv
1228103455904059393,bsvdeeznuts
1195899978213969921,SouperSV
1061292415544446976,kakifrucht
2412724663,ChrHalper
874696269800800256,Ras_Input
1364579497874456579,bsv2048
796334967013994497,janko33bd
1126116211824254981,localbsv
1495498352,CryptoCountesss
888617291788689408,MoreBigFish
2647483615,theantnest
32250445,itektek
9823972,studio1st
1517310581165809664,LegendsOfUzarn
1221262170874372096,BSVDragonHunt
1489753152362479616,tarsierclub
1482036359577677832,ZoideNFT
1101878153033609216,HelloBsv
711031093,hairyxenomorph
998568194913722368,nofomo3
911187894,BlokkiMedia
43343994,infospector
1375858102327726083,Blazoman1
787745197480251392,joker_cuba
972424273703919616,DrLinus_Crypto
934705566890512384,biarritz82
792024623915282433,illumimen
1487834638798278657,DarkWing_SV
1425568992631140357,DanielADSalmon
2220025375,ValiumMm8
1450218899501248514,GameTight_510
996883599537393667,Peluchiano1
932935254360379392,om_station
1257916144498827265,MariaGorero
1057405299949293568,TBinance
1461482294972059650,BSVisRealBTC
802147294661382144,liberkoki
1403891095185014792,ShreddysTacos
1462120429766782977,Apedude1
931147485036404737,Gigapik
1008099628858953728,cash_en
905029158115336193,BitcoinScaling
1043308414544297985,ReformedShort
992176795880448002,thunderblastx
792030648215023619,jasssolana
55222391,peddlrph
1080416201656823809,bitcoinsv_freak
798896708,henryhudson6
1072090316776316933,im_yaanis
1601810137,honsny
1481305556832956422,soundoshi
3340572970,P3t3rMans
951575873815306240,op_create
3100606311,substr88
1492926843787296772,mrGWUAP0
910027318885728256,edoerararara
131312947,sjbailey1970
1442398291262513154,SpaceHunterGame
2287938094,RichardLeach79
933888980793352192,EVIAEAI
702237247295221760,BrainClayEDU
1474541443524042753,LuisGC1975
1338047777650118658,CryptoFever2018
1355469153990107139,bsvnight
805071679,SoSoInfinite8
17000601,joechin13
3349701383,JRSRobins
1079672562857193472,RomanatoM
1216698516497555457,Poodle96157424
872834883093245953,PrimalAffair
1065982971944022016,btbonnz
174857738,MarcoAdamoFadl
3846512716,trgsv
1482757324968271877,BSVBULLY
857753697585045506,conscious_369
1312116333866254337,satoshiobserver
940669075675664384,apetheshape
1069405076328980481,BSV_german
1363514883929694212,Bitcoiner1337
1161341512048893956,bigcatoneone
321424677,Arco91
1064883536899887104,chinabsv
274098473,epcamtap
873611597880721409,Mariogo51038173
43949317,Coinmaster_T
817167017224507393,fixdatish
943290696022315015,transparentnode
1716291248,KrivnevD
1125797118566961159,ErikBSV
1429642526424657927,ANJISIJay
100988763,Nadrojiskool
1495867381230546944,0xPug
1438368554,artofchain
771941362736459776,dechevaliere
1427315363864191004,upbitupbit
527565171,DrewPflaum
71507260,ronaldo_hommel
14733774,gunnie7
992202983847804928,Interest_Archer
869247780929363968,FinanceDaily2
1160658282647830528,BalkarMidlun
974268416487018497,ekaterina_pya
1368978464682950656,kungpaonft
1283658392301522944,Sulejman4324
89537666,InstinctDT
18504578,handsomegui
28399071,dibro
2432360742,gWOLF3
966592237755883522,chainstonks
1531297133365796865,Gomnkeez
1370861356430282755,KeyToBitcoinP2P
573513970,Emilynyhk
881523012557602816,masatovision
1457172576850137101,XXZbot
707033422716411904,bitcoin_bsv
1064616574051598336,Bipolar53643675
729328619995205632,risible2156
1064933623889985536,sj_techno_king
1113050304608722944,_MetaLens
2492115813,CaveOfSV
1495080445674987524,megoshhh
1278059920596692992,arktobitcoin2
1450274514621898753,chadfrommalibu
1450915459340111881,jeanchadvandamn
1452667291657592832,PokBiz
1450074310501076998,OrionandTaurus
1374430146166280195,StakingReality
756164174938509312,zxswrd
268402200,timothyharpjr
286682726,Adoptad0
17143048,maesitos
1446558947062779939,Richard_Invader
1519057457645035520,OGKek9
712032926414807040,CVPITVLIST2
1502649695927119872,bitcoin39er
1441874085592502280,thelegislador
1490890252713705472,studi010
945994176,HighwaySv
1020929751479771137,PowerOfOriginal
1514618342639767557,TheGoatSocietys
949301478698622982,e_Daniel_Lee
16881218,camerongrey
1240593104182312960,MetanetWeekly
1377460674264100868,TokenizedDragon
1069988314281840640,hemisync1
1430264633680482306,TMWaSO_Real
1144646035802734593,cMT5NIAIdZTb0tZ
1073095629910478848,timestampnetwrk
976494034729492481,clearlyabot
1229042720,happy4kappy
1237320389576933376,LaJollaSurfer69
557224856,krMcConnell09
774096616785489920,wutong_tang
1119262229998608384,Paul_bucks_
1442091896893947906,A___N___N___E
1449431833972658177,nftxsky
1141017109624791040,wutti_wut
407926521,johnwlohmann
1191001068496474112,BSVScandinavia
2410506968,canbelmando
2194634109,Jackdulieu99
1077865226173890562,enzsv
337132814,ChanelLesTrompe
150163065,Sarif_Advaitist
948383845727916032,rocketquadzappy
878685562621669376,CryptoW33w33
830872497922928640,PatrickDaoust7
1065795497430925312,Satoshi_Vision_
1167566509,JoseKiiing
18615482,daftspunk
1612493125,ASXJames
947618739196895233,Jill49548470
614318470,BSVAppStore
2285101747,underflow14
50741822,lliP_deR_ehT
332869332,hypergalaxycash
1499018356036415488,MarilinaNFT
741873098165784576,knthalo
967818202922205185,Jm_u_5325
1165292869,4_leaf_cl0ver_
1270350919125872646,malachivision
1252846916968132609,CryptoFrog777
835908554284544006,BitcoinIsComing
1246432721523462148,itsmeburgsz
928991160,Conchster
1106332961803251713,bitcoin_expo
1119321247249240064,satoshibux
459722543,AustinAyotte
1234049806902820864,Miss1ngFrog
1492879550916833287,madam2lip
958370056697651200,GoBitcoinSV
1204534299581652992,test_my_luck
101871147,desmodes
1368725470582206468,BitcoinTAAL
906333341305077760,congweishan
1437965275169705987,BitcoinZ_Art
75564980,mikastamp
232594892,elt02
394204462,Deadbeat1000
1429478687934754821,KryptoInfoSuomi
1218424196595945537,w007t1
1377339010402693120,cornyeezy
907713266809319424,BitcoinSVmom
156782171,simplyhansen
1136014341692624897,Phosphoros5
1308757003825807360,bsvbeast
1397988776492814348,D0NBitcoin
1341886879377940481,bsvwin
888034319738032131,AdaptBitcoin
1228634902532415488,TwetchFM
1404753187500871681,BitcoinTokenEx
96388153,DangisLT
967171443195658240,thegreatcoin
2516837597,jamtownlive
983223260656513024,WilmWiley
1141234418268295169,Lynda_BSV
1418972005890658309,BSVision_
999113960677937153,DombSy
1507403430666686464,SLictionary
1226328926139506689,BsvIndia
832071138910023680,Jpools321
2549548098,xl8junk
1397939004033716234,kysymyskeskus
125113433,nickabourisk
2566188661,BitcoinBSV4Art
4426257975,ankh2054
26451269,sundevilcanucks
1096857778872819713,eltexio
764859236341821444,JynGyu
216304968,KevDrn
2802346016,SurfingFlow
1293532636841902081,SerbiaSv
1232294971585302529,MattyStefa
1487418807970897929,BSVnfts
966330796138213376,Bitcoin_no_AS
1439955914140930054,chuynikz
881140973681684480,jodibelair5
1519036205232500740,DiscoBoysNFT1
1511601153330782209,MinersPig
1150049202233335809,huemungussdik
1471235041766301697,1HYPERBOX
30002018,ShenolDotCom
1443330009041489922,AlfredoMorenoSS
1169086019016085504,Loggeru
2696797688,p_bit_surf
148792820,jgarcib
1122980804257353728,bsvhardware
1182199726868840449,LoongBSV
1265597585466818563,WiBS_BSV_STEM
873111416319877120,garagarapon21
1304493036504854529,shnodders
1210033174958333954,theOTCdealer
709228260404514817,GVcpv
1310132868,Anka69937533
1522617382715408389,Bsvdragons
945262035838951424,DariushPourzand
107978878,sawlls
21858157,Marquez_Comelab
1434165794745823235,african_era
1517534012314726400,PXL_272
912476185023594496,Slypig70
1447627312292323328,MetaverseHex
1459363580550082567,FishHeadChad1
1066379305998041088,bsvorg
1034149980905394176,snakaotic
1453480583779205123,bitistory
105753575,mickety_mac
874241138,AliveTheArtist
17309910,BoldAssDonkey
1483262934453469184,UtxoExchange
1016209506840137729,Sam_Makes_Games
1153781622589788161,BitPocketSV
16957861,dfoderick
1073831290250645505,dodochskatt
1120953847940124673,NokooTV
36294376,rullant
15560842,stockrt
1437432793307439105,NFTgorilla
941006643617296389,RyanAkidas1
1267802725,Van_City_VC
4001822174,BitcoinSV_Ph
1154057692115296257,cryptgry
1072191271157071872,JM49277640
260724519,JordanPriede
1181822181786832900,shnksi
2449318864,cryptovoyager
790753110385758208,timmy_trombone
399376028,PedBC
1489993734305370112,ProjectJugs
62577574,panzadura
1016346732001660929,RoyalDogee
17478788,remjxd
857577313696874497,Original_OIA
64930945,BorisJavier
936235609642778624,NFTWatch89
1268288090034110466,avgdude4
135075081,mrfreemarket
1040524402226618375,norriskeba
1491215217065291776,mozza_speaks
177793814,v_v_sun
184878883,___siggi___
34345911,digitaldivaxo
1425388687324368898,BSVBOTS
820330166551461890,AviWolicki
1072086595560452096,ithanksatoshi
235743255,andrew_boho
940299758094106624,cdurias22
1475302877149077510,FormallyButters
3141253970,iApeHard
83975983,imcoddy
1312294321060675584,2RZFHptYo1PO0N1
1102944546835447808,phb_so
362373354,s0dafire
962273366227865600,aljn89
1071754166903562240,TestBitcoin
35416617,IRONSAM96
1500765105717342211,MajoTamayo21
74642304,sleichardti
1215734212382167040,Masi_S9
1089335973220036610,mymoviesusa
953855476520828928,yogi_golden
1022803764292608000,Enz3S
2329456627,irhilly
1026258494003933185,WormholeCash
75059737,ecuri
1015269664920924160,MariaEu95155328
1471272403183407104,iwasCasper
1156932499706187776,BsvMvp
870840192,yovanisescobar
1392127867610271746,BSVRocketMoon
869495662873903104,mannyalamu
1512440837820620803,CoomYeezy
943677042553483264,hcwagneriv
1499724259689697280,BSVHolders
1375581362401509387,byrngar
1435274537596342272,MasonAlmazan
1380808450360406021,Dudewheresmyco1
829899920412925953,BitcoinOptimist
779008906081075200,BaechliO
955154759723479040,bitruption
1130890668577042435,Theunis83
1462926703135629314,NeonSquadNFT
1080697997871235072,iBitcoinSV
136600414,freeliners1
856126987848560641,TheFan83
798564905800630272,Scelta_Perfetta
876214723150319616,dollarstudent
988421518223925249,Tak_Horigoshi
933474868066107393,FL8080
1265918427752955905,VrilKing
1443247757402288132,bsvontario
52830850,derektonin
1121074419168886784,Jo_Bonus_
1348997139863580673,SwiftArrowYT
1296885679,Mattbrais
1503121028125532162,Bsv4life
1069673795923922945,BitcoinSV12
851334808030633984,moonkin48
44169539,smartypants_no
1354951692379418631,BtcZflip
841121203171475456,alfredsamasoni
877497713499152384,fk719y
4715112734,ndrwchn0
789185346860834817,JC41835
1696014038,Cabriolex
2653292119,MCDeMorgan
858692420879474690,revelaworld
1135015933519392770,121_steve
1467991981984993281,Zmone10
1097696345824116736,madjer_de
1430919610367365131,Swapemoney
1060907777483251712,pipe_cash
1447408487655514112,G1305001809
4915176126,101011Chungus
397100687,Crafty_Clark
1342271612364541952,Veefrit
932358546641096705,MisterLister8
952732011562708993,CryptoSnackJack
1221490461157810184,BitcoinsvP
1199203932603502592,BitcoinAZMeetup
835326663575523328,InterfaceMotel
1471159177850486784,tmaninthecity
1520741705951203328,pegddigital
630144011,MarcinRzetecki
156814857,rileyaok
57913267,straightupstell
1335587131901833217,Whyphyyy
248709289,warboat1
1173383197947654150,PublishSv
30398848,livecchi
2670318085,ByteHeroesBSV
862017748234383360,ivmidable
1370492280302280705,RealKayleyKling
1379380098680254465,Drippin_45
1485378596008914945,NFTGUYBSV
3232060975,AndrewC86694647
444443747,eva_porras
2458097106,JeffWGates
2195515471,CryptoJirl
1517348282346864641,plisskintony
3001237889,shrigma_u11409
2601093727,1m4bh3l
1153053596902187015,bitrust2
1283042636920762368,Monerinja
1499736928840736769,ETHLucas01
3820795698,proof_of_worc
1117101834655678464,ErJunai
1133166342754848769,samuelc4
1313437962135384064,Cassius43150075
1045669740298084352,MiroGec65
939549890769666048,XokenLabs
1499026980607508480,BSVNFTART
853205322424623104,VlamilyLife
90867563,nauete
964212635997822976,Halfrak
1367162508805615617,Coryknowsbetter
898292887703650304,CryptoFuriousV
959307058817351680,SongIamSinging
585843935,C0KEnH00KERS
1462174623345356802,President720
1217951427026309120,kelvin59833688
1481822322604576770,ShadowSmokers
586032821,churrimac
448709702,EmanueleNusca
1253649660385918976,programonchain
92944771,ericx2x
1080779885050621953,bitcoin10y
360103530,breathedml
1490796059454488579,goodman_davin
775268762828144641,bibodeng
991281601245057025,inertiahere
105462894,sylandroid
1176429400243523585,Roberto12294835
945524920280387584,MBatistaSolis
977983359933698049,BitcoinUmpire
1427265355563638791,rarecandyintern
4330852034,tosway1
33481015,gijsspaans
1178698170563317761,u_5580
1047110716736589824,808slav
224367828,hlynurbj
1443712302310572048,abitfrozzy
2842442819,Crypto_Huib
1034418543012470785,ZzBSVzZ
1412553954744049664,JDodonna
1483338134247116801,Dilipku93079329
1469123526950993920,LMobsternft
1443472952540811264,utxopow
1082987358834909184,DavidA1337
1113586777539928064,bitcoinbsvinfl
945249286136254464,Ferwinds
1292822686402568205,_Migraine____
1229859096846794752,LifeAdvicebsv
1226527691807100931,officialBSVnB
998841348131377152,cryptophyl
1097804414117646336,FreeKayGee
1472186570404818948,COTTTOKEN
1223912520,EleusisOrwell
819542506220220420,Pigmentcomics
1095505652389007361,Ckatoshi
823339924732645378,_humblepeon
359302983,zhfnjust
936605471942828033,f_dymer
1465650818548391939,Danc3rsNft
1153829659273912320,TobyBan14303912
264441760,PaulEndsinL
1098676435093520384,LuckyShots369
215495742,Tunaynaamo
769157312019894272,wwwYQ6634207499
936239627110842368,Cristia83240450
3005825456,tgdjgjtpgj
1053379572337700864,blocpod
1383729984435408899,probsnothing_
41601360,axeexcess
936742953938173953,CLS53BSV
1194678550688866306,ArcherBsv
909218100792479745,Digifudgebyte
1470829557620133891,Lidia_NFT
755628447167373312,2BEWHALE
1403931670047182852,SCryptonanda
1119101838198861825,bitproofnetwork
534967776,claytonwtx
1495746863701663749,PLBrotherhood
1360305243603365888,gadangholicz1
17789845,y2018r
1496118798813827076,Ayds62
854612822,krang4001
1169320584578314240,TipTop03408420
1396754283127791618,SipNCryp
1169631204829741058,bitcoinsvassn
721847832207060994,kippernifficent
1067408838972719104,tokenizedasset
20314217,cftxdrzs
209885030,vanishedin
886074968416542720,Cryptographr
1305447130300063745,JmPoker87
1309840786213793793,davtheunknown
1325701720031195136,CyberIDNFT
921875384139964416,BozenJerry
423773569,AlessioPagani
1499731285367005186,MutantMelonsPX
1353378554201985025,kainyaMeow
1212092302056812545,HornerAbram
921731307671117827,TheCryptoDaleks
1476606923545919493,astrobwwwoi
927367434729766912,bitcoinwillcome
1155864112758480897,Art_on_Bitcoin
956708425924149248,crypto_fan9
1074173839532273669,handcash_to
355069156,IrishGore
9700032,futureman19
31069654,properintention
945059404587548672,Daniel30918860
1327318123096236040,dsp28net
1242803504638377984,ManiaBsv
927145271368093697,VeldoSkywalker
1505996120408965132,BodgerLeges
487408115,mgcanyer
1351473239063748608,Cryptofren2
377189531,selimthegreat
1044512141225603072,HeiheiSV
1201384152429449217,DennisJamesRoo1
1514908978379173888,HollyPlayzz
1184069566412087302,fromthecryptos1
1004200270740348929,powayal
1085917761539371008,xrea21
1515828829775933442,wormedhole
2371393393,_yungnicholas
322893477,FDesimpel
894055625654759424,antoniocrypto
1203188998056947713,kenkani23988791
997584319550980096,jthoughts4
1219748997260369921,igurubypost
1573786453,g_demartino
84423315,nanonano
993732460931317760,DragonRider349
889225400215363584,corpdev734
894076078574247936,JosephWaskin
873949036172259328,Blokkjede
2816493014,StockSwammy
1380253043787239426,BiscuitBiski
917440117287084036,braindreamz
618021741,ChrisseBekil
1022809194532163585,MLogter
945767829915275264,kryptoidioter
1171628529127018496,AIMJ89
1459744454441639938,BsVision11
1492309046807957504,FabriikCustCare
963359572361666560,RossitzaBG
1384860778289840132,Coin38461525
875335917619232768,mengle_zh
58803390,pawan_singh
1363855969302827008,Monktech2
998779768387465217,nakamotostudies
1171465210630037504,HouseOfQuark
3547213338,prunus_n
971872942597591042,Marlab999
1151921363428532226,ct317043087
588172261,xHyptocryptox
834462335062384640,helvetian616
1507051751136022533,BsvSuri
1120631647827824640,_vood_
915337379501584384,restfulcontent
1423365368018620432,InvestorA01
63524087,trinoxol
2895946367,twillains
1056328883820265473,WMVinyl
993167732886720512,elisedelo
1403349094165274624,powmonk
980721553406078976,MishaPelt
985296643418243072,LIIIILIIILIII
328584438,DannyLoveland
1123476230,CryptogoldFix
333551307,baechlicb
715819827512942592,OdiiIgwe
3852116956,tamibupi
1162941824262123526,ShulerKina
1165738574961971200,HektorRMS
788974737732931584,__shemuel__
1454815578695274496,u26481
1469233175373225988,BSV_NYC
980951358370062336,breakingsatoshi
1082232796612050944,Partyline_Chat
1499718913562746881,FernandoJPGE
1386069202830757906,coffeeguy999
1207286582853668864,DorisOsayomore
563924241,jonnagy1
849360881947475970,kojugogo
1354545190959263748,8BitLootBox
934730720093679616,bitmav
209291947,jdavidam16
291653245,JonnyDeLuca
1386914535743840259,SirNakamoto1
1493241355002335238,z__o__s__i__a
1031595330402484225,SimpleLedger
1490291721552465921,BsvKids
713213219259686912,nomadiklyfe
1482078841870848000,TakeItBot
908027918072274944,AleyCrypto
1420419351191162883,bsvisrealbitco1
1387297622,wolo_chat
78910557,energetictree
1044991998124584960,chopsticks_cash
113266338,korean_idiot
1491166849043775489,cookielegendnft
1389097544756514817,yungyuen9
940335277532475394,JeffryCrypto
2256047664,damn3d_
230232918,RrezonAbazi
1048956129542381568,cryptocoins_
63996732,mustanghead
1164175657162514433,bsv87565111
19450582,ignatt
1478289917608267776,Khimmm23
1475728791393562625,ShyRam8
712043029243281410,BTCPonziKing
942111989408649216,uniphant
1487366971809271811,robertogox
1363256690,ron_tarter
1074199995388051456,BSV_ID
1393674140163481601,Soulman160
1461897668179988499,Cory_cryptonite
1464377010004836352,mechanicstan1
1029771580765859842,C4Queen1
948937988683177984,sinobu_curecoin
786607749207564289,veganbeefcake
988366607922679808,LGItalian
1257371059013267458,pepeatoshi
1353391191124008960,__taeja__
159539926,AlanBorger
1468402471852818440,Letscryptobabe
728925791455567872,NikolaMartin1
911231703003258880,Chairman_Jason
3060219819,zawadzkk
1884070134,BleedingBags
932102939950202880,1stmil
1500888181809549324,Dahm45770343
1106978693216374787,KevinOdum_83
1045748768316899328,CashNext
1443377678158008322,SomeGeezer4
1043542876762853378,unkudonny
240368722,ElPesque
1103024800711303172,one_blockchain
1341167533,dogeprophet4U
1105116954770227201,riseoftheevil
107155769,abreucarlos3
1160554431106211841,AliAlthawadi__
1510029542861156357,NFTscamz
166020705,millhaus33
1517214616589197312,JugzMilk
197520705,NeedParac
20938912,leetsie
1119612395658326017,BradMonahan2
1490960089724903426,ObrazcovArtemij
800373363646443520,ede_bravo
255170909,HenryTule
1045426470439591937,AiNeurix
1507057976934162438,Nftconmunity
1498350959667392514,DarntonsMedia
1375773649433587712,MarabelHaniel
950566182527971329,morizo_coin
949716647773745153,Allheart_08
198681758,gustafgarnow
59981428,vineetrk
1463983043941744641,MnemosyneAlpha
3318342159,Devonomics
1285532760,nnl_richard
912445434899054592,bart_io
904010478510268416,GG9S8ITU3fGId4k
1177684632591982592,cryptoid22
220765231,Procaius
930420426962030592,Groovy_Bit
2959473285,brandonvenetta
1178659993266147335,MADinMelbourne
836089490,HeathersideD
1486564110359830529,brendabaudee29
1495520542329344009,guild_legendary
911180205041045505,G4lli33
1365092422376636416,DefiantCapital
964338229305421826,silverlining225
3145462370,X_sapporo_nina
1917629654,FrameMane
1217023738270625793,buntistbraun
142017865,Luwhi
863985504055734272,yunyun0132
1507059675937710080,ArtdigitalBSV
1350256699156926464,bunkindonut
1434643520246075394,ieatbitcoin
906832643068616704,miumiu0051
1259704735721897984,CryptoW33
710157426478088192,supracito
831628691646062592,georgepf84
1453342317562241028,001float3r
1211741362359398400,anakodzic1
1131709799807279105,Fiddlestix_20
1009131604097236996,Lavish_cashmere
1486475643525406720,cngnguynhu16
906183939680747526,evilrobotted
852305166644596736,wknalk
903792271212003328,jhannielThejry
939039941194948608,aviarylab
1025097415957860352,xHoneyBadgercom
4052811,_woodsiderider
46370520,lionelve
1416201395519188995,Boom73948301
3191620446,CryptoFrappe
999166138348060672,JunGyuuuuuuu
1497187236516880386,onchainBuddhas
1498163855708491777,SamNFTGuy1
1531292293239652352,PandaAutism
1040864530409181184,Oron_Barber
1098371013740580866,cha_kwa
713345799,FjDutchy
1027022432157163520,hashhouse86
1428625717961523204,Markheron010203
47515849,jikim0
850695765831819264,61926885Ray
945358688776159232,thefieldproject
52659654,Gh0stHack3r
1443003964761518089,quest4crypto
243023107,gail1034
1616457150,joewithdough
4266868006,baker_richardj
1228029699009470469,MinerButton
1470991284684820480,abirdintern
1192288568766414848,showjobapp
1330154018677645313,spiehlerx
4702352000,LesgrossmanCEZM
1233361405601959936,SCkJdkR30pFIkfr
1487321651750785024,MonkeFrens
1066440112723189760,mmrsrv
1182744089739046913,proofOfLiam
1522056599514525696,hawleysa8
630072302,LizaKBeck
912626400171053056,crypto_rebel
390561224,Bitgor
30067901,gunhudson
1527227431358189569,Pat_McCat
1394111400713224193,MattSim53252359
584348498,Joshargh
1203845484659519489,CryptoBlueBird
4318406187,dieffyz
851811207056982017,AmyRen13
459737192,ZackDiMattia
1402712200863748106,KumarAsnani3
1092218524683169793,cryptosthanos
1147384908727377920,Casperrrr5
10707262,bick
1454000733397913605,RareSirloin
400650197,soyhansi
950285499360477184,seyeong_gwak
1024935760116502528,MdCagri
1364222300266975235,Layanan20
1010093065434947584,cysboy1
1102559967880589312,SixtySeven_67_
191811643,GusRullan
1213116063908450305,artbyvandelay
965733802965458949,_ILITOTEEII
934080484916776960,cryptotux
937642694985338880,ACBPage2
1516927574290669568,BoredWaifuNFT
893761467568103424,Breavyn
1061590500287922176,cryptoconnor2
114272121,PieterBSV
15433483,paradisaeidae
19577770,rajuIn
1147660539071365120,Katie_Stern3r
1491614658918191104,BSVPixelStudios
1010824989673586688,stricklebee
770633872702775297,amentesa85
1238620416748539904,embodyvirtues
299007172,thecraichead
3676885097,michaeltiff42
1219401764040007680,anthonieyoo
1217259247395733504,patrickriveraXL
318989148,oktets
1531974282292916224,angelolee29
1195447675476426759,RecreatingB
911580621960392706,georgssander
2230712364,tomtomatofarm
1512409397376471048,JCase2022
1217088017648816128,J_J_BIZZLE
1059052368397041665,libertarianbit
300011307,AtoZPhuket
332670761,_erickdelarosa
1234894877693005830,BitcoinOGstar
1402414897506381827,TonySchaefer13
1058264536401117184,JayChoice1
867917669802037248,SmugKunt
1162061267588268036,RocheFreedman
962038252805881856,aaronolsonblog
76303644,bollinet
1298769774,GEvaldas
937412907003981825,sofloW1Z
1184520602964692994,GuyWithGolden
1311485593340260352,Gram003Gabriel
124043928,Jhnnr
1380308468423389184,ZionLionRyan
66750130,1981finally
919344431064547328,doctordrew77
18495104,CorvusCastle
1319380778623651840,TwitBan3
944617130430836736,traderlion5
379860207,hameddalijeh
267199739,Don_Sanders
984935842870214656,TipCashTips
1443999024290226178,uwdw31
402258393,PeterDiekmeyer
98284822,ITechJedi
742408898498469888,joselberg1
1061655744368521216,Cryptoniteman
4000401012,checksauce
1157495262031446016,themetroking123
720524044257345536,blackSunnnnnnnn
295708832,AskoToivanen
1490165577855520768,CueSentMe17
54522099,TheCuppers
983377289000796160,Dee_Wetzel
1155843060846256129,bsvlaw1
1113538148632391680,FlzzyToy
75528611,Mukul13
200853122,Skieller_Mt
22964563,nowhereman166
104602069,ccastroprieto
974033147997323264,NakdHoneyBadger
62228405,huopana
1035428482115940353,jubag__
563781190,MovingUpward_
1137062597755363328,m_x_n_c
1216398909628653569,coronavirun
1006429078134681601,venezuelabsv
1016936792329674752,trendingmacro
2290281199,OMGCoins
15232399,alexshore
767338802138361860,CryptoSportBets
921688517952131072,CryptoEqMC2
15352157,TheMetanet
1031393956767191040,Crypto_Bitz
4257454586,official_seokii
1007388873876336640,frosty_black
747572386262827008,Pabloisfree
1398965683610914816,ZincOunce
995280626398871554,bsvpixelwallet
1883458566,Jonlisin
1485564517589614596,DagenLife
1494340852197384196,stanley_linusi
956743890702249984,EverAbundance88
1150143500509487105,PayMailCom
935816510148415488,ersan190er
208841357,roryshortell
819235994536910848,Aleph0Tech
1071806314190393345,CodeTrad
1354253047296258050,Grimmus_Cyclo
1015685916478799876,BRigidius
1085406010435686401,shinobi_pepe
209045007,alterconsciens
1148404877355364353,wblake12
1414615527872401423,LUCKYSARANGI1
959876397773701120,Coins4Clothes
1379275875330494468,BsvchadM
413110304,chrisnk14
2267659506,manniiiy
1440207471625129985,Mistakes77
1439382769071579140,zara_larue
1252109045189632000,MammothPurpose
1100109395411775488,AraniMarinho
1078644381597528064,BitesBitcoin
1109826171368366081,369B2
1148676046159433729,PagesEtched
1109881759804649473,ikanunaki
460230194,bankbcc409
1029920046859149313,preteritoNFT
950723612448759813,banshaku_crypto
1529349545829625857,ParagonWallet
269165939,mopman912
173526115,AandCNorth
1049982180577837057,BitcoinSVgo
980915741133242368,bieke251275
3416492283,iCreateOFX
938850002381676544,dasguben
1162795722,EslerJustin
85346113,jorgedavid222
406243396,tysia6090
949718151801069569,alex_t_mackay
1348885701903859712,noblecoati
1022545023680819200,KeokenIO
4783153407,got_goxed
1369735088209018880,global_protocol
1073334703724380161,JKristjan
761983643376054272,BitAlien_
35488022,ShellMontreal
461901684,sahibexchange
94448973,Misinko
46656392,SungwookKimReal
1532725181919252481,slitheringsala1
1198275102242201601,_mr_word_
1273439465537593345,zlowbert
1129805534088048647,Markus_KWML
1091827252730490880,BitcoinCad
1106013563041341440,burns_Gbob
953197892478660613,BalazicGoran
1478633174859059203,PhunksNFT
738560545079582720,EleMammon
9419442,iiiii
946648523277156352,AndrewR35149492
51411426,deosbot
1429325288199004161,9K7cznUp2FyeNCq
835490807033577473,3untz
1027311333035798528,akash_hyr
1241214782,pedrowessels1
1695929252,HAlhibe
887467632307392512,ShoopesMaWoopes
1493036875229003778,SICJWinterGames
1057452509785088000,sandy81042208
1216505896861343746,ARythmist
1477034032802279425,Ado_102
2735320790,manglematter
1223989273843527681,Trustholds
1508169001582862336,0xPIXELab
1002534551204360192,JonasBl55756978
1367146777334460420,heeraisonline
1507061912898457619,GoogleNFTart
1491501517,Liquidityyy
2578775216,matuapp
1187437528846143489,AngelYanes19
220478715,Taja_Zemun
1381896162299371529,AhmedBhatti777
906967628832526336,JasonHenley11
1341283838979399681,BSV_Dark
763570772413558784,san2ok
1430937889542713349,Iansy101
1281664213711290368,pronoia888
938940838033309696,pvtaotdyPQV0yRD
1520888370414690304,3DArtNFT1
1047221514326556672,BadgerWallet
1088408780193198082,derf7a
2244934583,Erapyo
967389581564923909,SvwnSwan
1479943205974069252,CryptoRearden
305749376,floatzen
993407694772961282,onebigwhale
999308976834555904,sir_pork
1497326371462389768,10MBITCOIN
1512088631384584199,Alhassanusman31
1430936164471607301,satoshi_ape
2922930236,HuangSuSuSu
278341776,sergasorus
1503737483602927622,EvylineKarimi
1125900689618677760,tub_spa
1566605629,Seb10810
265740519,kam_ron21
1457552826347966465,tron__block
1467652639987011585,Gregorystolkar1
2249448602,oneclearbluesky
1086401522873716737,Dan75703842
802196178288988160,bitprim
1381046871368536066,Bransm_Art
1444175968197922819,jason__merrett
799322445064781824,peter_t_mchale
1479126732477288455,CrystalBSV
149763915,BunnyLlanes
1903556178,AmbaBlaise
1377178532,zxsz66
2781705134,cognipresent
95974946,cloudsay
897505495753400320,patriothankr
1479278577413591041,Rajtwittz
231058462,IkeCheng
1177605427510554631,cog_pay
1085220632877584384,AbrahamJedidia2
1422929359032176642,augusto_arbusto
1242174759372091392,pix_9999
1433180660370399233,GeorgeF06157094
1254765113883553798,nondualstan
100117016,HANNA_H_A
1341460934003482627,LewisNightinga3
226586346,Renibelaski
1426485133327089664,JesseRochard
118911338,pennytracker
4851656703,yami1900
1276196206281060352,AdmantiumCrypto
1354983977531043842,CC_CHRXVTIAN
1055552700224622592,lilshkreli
1000619600986361856,cryptobiz01
965698629125136384,DonMcCracken7
1465117321564143616,cryptogang125
1124617447770689536,Ekarusadi3
3837423281,UltraRik1
310799009,ChristaArdley
1247520049675374592,aristocratisch
1132035822574641154,taylor_sv
944188998033068032,MasiaSandro
1366133054780047360,janeTechArt
914192856784318464,Wae_113
917685686169456640,Erebozzz
1303278867407343616,DaveBtechnsci
931115489920671744,XNmentalWealth
1513091374534463491,bsv_designer
1032067105246441472,NicepinsC
1253994762849472514,Inthegulag1
3016131644,IamandIr1
913653379561345025,BieljamBene
1131227423746531333,alphonse_coin
301986877,floknoedl
2331325765,Nitroxei
15192044,kuopassa
830958357561225216,WAVigilantYouth
1514755553129598979,mrsbillybitcoin
15530290,waqasraza
883896269705404416,Kenny808080
1037874898176098304,Tony70710348
1506575768612220938,zechaka1
1034526733410680833,_yamanu
929544283878703104,PJBC66
2201650446,jLLOSAS
1455217837807751180,CoinInfogather
255623571,HardyyHarHar
1497719448991457284,psyberfairynft
242023804,andersrh_arh
780624422331781120,unknwnwrld
1064795537696849920,drowsynet
920924032702337024,CryptoCEmpire
1313400018754125824,errornumber007
1052911516972912641,KaleidoscopeVi3
1020444209482956801,MBGASV
2439196612,Justin89708942
1141886059199885312,CleCrypti
1540144650131873794,resseactionfree
1456189937447886856,DanielHeesungC
30105780,MitchellMayer
1413329978234638338,JballSv
868165613771948032,snubber_mike
939183875170885632,bitcoinvaluebot
781133014013050881,72tera
1234578843102400513,WorkIsMental1
1260023426556719109,RonB397
1464888216,oon_wigrom
946513223552864256,Noricoin_banker
1077009952185626624,housugun
564140800,D4RK4L0N3
1169805015814246400,LoveAA1024
1541456773453856773,desantis888
1217963809731563520,Arek0101
792129257572937729,DesignProductv
1078675939398205440,rbrtls
1335297684,harry_bram
1005145215101911041,BRebranded
1054942820119719936,_JadeStar
1049478788,LiwAynow
983543189326852096,tundra_tim
4330545881,realpaulgo
999712423434219520,crypt0yoshi
1483701460193918978,lakuwili_n
1302454129248395265,coindrop_to
949707102091489280,CryptBonsai
1086830348107952130,hello_clickblue
987753940468076547,b1tc01n_gr
741143778761822208,GenghisAnh
68177940,CoinBagger35
915255537356492800,Im_Only_Sighing
981795318671921152,AtlantisLabsHQ
15105798,mikdaw
915539503510679552,inst34dd
1543029751480168448,McGooserJr
1414097553025425412,TravisRhinehart
836793468366159872,GameB__
475095096,martynharler
986343136350932996,einsmensito
923717873981325312,cryptocougar
4849248514,qalette
49841921,EltonLu
1131765402269310984,Mike51268532
1017974796339040257,iozeta
1558133288,bitcoin_faith
1064449863272693760,Kkf2rC5GQLFryL5
1364788041051738113,ki_crypto
168148888,asiaosiris
1388868314709983232,oracleofbalance
857216388531986432,EsqNolte
967133071748272128,rxndy21
1055127643685740544,Richardbsver
2580752516,bidipperly
1320836796952072192,some_land
1522682949434363904,0xPetitioner
1153140987553701888,RhBsv
526553073,CryptBro_
3011968659,ashworth_duncan
1008979027686617088,GertrudeGoodbo1
936635029685338112,WenrongZh
1472258057660944397,denochsantis
1220481087211786240,MartialNomad
1028989270051024896,CashBangalore
841625954590040065,v_spakauskas
58449100,shojish
4914243734,open_crypt
883983905799380992,mfasam3
2607639736,EliteBlubber
1019092308405260288,sujuxiaoren
1519033787816030208,toppraider
1224993774029492224,SamsonMeow_BTC
929269283493941248,M4L00GO
1296506469081284612,cryptoanomimus
1008598373761409024,_xmodulus
843728859099021312,btcisright
2944046259,JohnnyJaswal
3426188013,octopocket
1090142249738858496,Sourya00382899
1168057024682319872,Nenonk5
874959530714513408,wilswes1
769378442810798080,Dhidden0ne
2992386605,cryptofan78
326262741,Ali2Seas
946531806479753218,myshadowwww
903151010566115328,ENnQj6X4w0LgM9Z
909313395635056641,ltyxxx
1195309215423827968,Indoor1975
311880438,xtin1988
4865423506,memeticlegacy
1002461614115700738,coinfundr
4153715533,darose79
1527276536260337666,NovoMining
1393706145244647431,tizzitgodmax
1002916449323642881,Lalaine89115753
728472000067297282,koindaring
1516285134038835201,benscracadeau
1536321501905002497,NFTArt_10
748805611811270656,Jonlinenow
92740938,topson_09
1485925586153394176,Nostro2022
371543586,magnusesteban30
486791360,Soobabi
1187673549475065857,BSV_NL
891132944764379136,SAGARKETO
3180888408,FreedomFeez
1462147955142668289,boss_boss75
304828916,LauriHackman
992723724888502272,Criptix_
1348980995995783168,nguyenv1ethuon9
1665429656,inmathwetrust
948638759595266048,testei_o_game
1467548821169352712,init_infinity
1230044529400537088,toastedavocado2
18823371,KalSuurkask
811278601425391616,00VB00
1347006835241283585,BUIDLX
923926618451542017,fomoproof
131024911,Buddhamangler
1226328921962110976,JaMcolt45
1917389126,1llus1veman
1183051587922485249,LeveragingWaves
1145436326457761792,SimoneSeez
878542864690683909,aursis_es
892390643602923520,BANTA_TRAIN
3101601794,johnny33_33
1227947971913887745,schweigestill
1214743843196821505,ClipsCoding
905094251968679936,thelastchad
908719354866479105,oenedal
1153046413032353792,zelda_kobe
754765806,iTutorman
943612867030511617,somejoe6
71399703,mogray93
1504815500584497155,AlhsamKhtab
1155548508092600321,g00fy9
1526307261768949761,ShatoshiSon777
3226657166,lencol8
13996062,hirotium
1481018061394038784,laurainvest1
977956499925422083,CryptoBeelzebub
913949192451612672,MiKe_san2019
1530912122539999233,curatorsclubcc
1242025945793310720,BatchoyYoyo
920867074930491392,BitcoinVoice
1427339456118468619,WilliamShortss
95024299,DigitalSapienX
987338031203061761,Absalom89
998784604759736321,NTT42197968
917956112456044544,nekoodoru
957845574195150849,JEvancoe
931417991803219968,Elohima7
810998538796748800,FastOhSoFast
1049626089721552896,nullf82
910506788847362049,cryptomoneylaw
1104301565274439681,spheriscope
1510681583921119233,Merey34431394
152961291,kspirov
1460662385715335179,SigmoidFrund
38321768,tayy_joo
3434933169,satoshivisionz
17592829,maupy
1105331556124626944,Chiliz_Brazil
956704348582461440,adam5us
1457138429809020929,Jordan84407836
1353534421199065089,Musiccxxx
1123983235573268480,test_bitcoin
1228722306643447808,confidebook
1088144666,Guest_Chad
1067139541385924609,TheWren87
86854916,ht1027_hide
2545584529,changpan87
966629386668642304,pyxpub
932370112899928064,BitBizDirectory
721652942621814788,ZhivuIgrayuchi
1391000331736297474,diarturkmani
1230004468990775296,MVegeta46
41993096,portait
1218390991679475712,CoinFlip_News
3402145449,DamienSavva
1117965685966221312,banger_mc
1068950767279722496,Orgpinecannfly1
2612825071,egouclebean
70726308,cristianmarin
14804451,jeffonlife
707364757221855232,justmeger
1170296322626396161,thistinypencil
1030847587803426816,Weakhands_cash
1241008061864697857,vivadepablo
242822467,mbr94dazh
18755910,piotrzawadzkipl
1025160871,bitcoin_fridge
852840598453268480,Sun_0S
892249943594876928,davidcamorling1
941919194790076416,___Pranay001
3004314490,ganacontrol
1500556228350599168,beccainmex
1276536163633897473,CallTOWR
1481317397034319877,EMYOKESNFTs
1008908137003343872,BitminerG
514578176,mcmanmat
944406107157553152,okxbtc
1136527726507175936,bsvcentral
1494742668387274752,immatech
1355510692699283458,eshong9
1472420066000097284,gatolocoo55
701320680755830785,wcalderon84
1264605105103335425,JongWheny
909878908371181568,pbrobanana
1532446238041423874,BussinTwetchApp
2832165228,_superscore_
1426726785262129154,XnMental
77905958,nogal27
924261292273266690,CryptoSpeculatR
169027683,6265292db8592cf
1110221435723755521,BrainBSV
942711810611847169,Stoned_4_Crypto
2511887454,rakeshsankesh
745749342838001664,cristix6
116349165,andrejensen_dre
960585167608995840,CrosTheRubicon
805416793,KatesPaint
1113553087854080000,gray48151846
1179801327360077825,Pinchcrypto
880270369344454658,spaceheadmoon
591205678,ana4nurhasanah
1522288711551131650,hashworms
1975454844,camelos67
809315621741727744,Digidigi19
1197990040208580608,ASE_Health
1500242361753890817,PPotnoir
1511836080756117507,chris56996864
1423309692147625992,SunnyStallion
1048368343265304579,HungBoiTurtle
1141173291232702465,crypto_mgr
1256933187537833985,benitodyson
1493316990844522504,StanleyYel3
1095923131112280064,satoshioctomoto
1054758843148730368,MrNPC3
1520594903218094080,Joalina_Cryp88
966311854438936578,_b_i_t_c_0_i_n_
3247083918,guggi222
727388834091175940,BirtanOmer1
1087839637,quatrefeuille2
16950308,lilong
1485544213693743107,Heriant65584474
1024121510942924802,BitRollio
1427624572908621831,teeth_braille
1300609595266805760,FafoutisGems
1141644553230934016,arlexweb
1369292256084176899,8BitBlasto
4428799762,sopffm
1006162188904607744,david14922298
21468934,krellkraver
1487230350765879301,erik_london
973159095506296833,gameboyzs
950266811643150337,ThoroughbredBSV
911788669417041920,cryptoHarnanto
33848252,fildutch
1493071977111867393,LPashaos
