797570,0.00031500
819455,0.00001358
819458,0.00002134
819569,0.00000194
819619,0.00000194
819666,0.00000194
819700,0.00000194
819724,0.00000194
819789,0.00000194
819859,0.00000194
820088,0.00000970
820124,0.00000194
820553,0.00000194
820797,0.00000194
820815,0.00000194
820862,0.00000388
821328,0.00000194
824539,0.00000194
829390,0.00000194
829605,0.00000194
829816,0.00000194
829862,0.00000194
830174,0.00000194
830180,0.00000194
830230,0.00000194
830283,0.00000194
830310,0.00000194
830462,0.00000194
830475,0.00000194
830479,0.00000194
830610,0.00000194
830673,0.00000582
831074,0.00000194
831290,0.00000194
831378,0.00000194
831497,0.00000194
831814,0.00000194
831937,0.00000194
831991,0.00000194
832104,0.00000194
832120,0.00000194
832131,0.00000194
832188,0.00000194
832191,0.00000194
832244,0.00000194
832401,0.00000194
832404,0.00000194
832473,0.00000194
832519,0.00000194
832591,0.00000388
832644,0.00000194
832687,0.00000194
832836,0.00000194
832995,0.00000194
833083,0.00000194
833119,0.00000194
833200,0.00000194
833315,0.00000194
833345,0.00000194
833382,0.00000194
833566,0.00000194
834004,0.00000194
834028,0.00000194
834073,0.00000194
834099,0.00000194
834473,0.00000194
834786,0.00000194
835613,0.00000194
836068,0.00000194
836134,0.00000194
836543,0.00000194
836587,0.00000194
836942,0.00000194
837172,0.00000194
837551,0.00000194
837680,0.00000194
837759,0.00002000
838555,0.00000194
839407,0.00000194
839668,0.00000194
842206,0.00000194
843926,0.00000194
844375,0.00000194
844475,0.00000194
844506,0.00000194
844821,0.00000194
844855,0.00000194
845180,0.00000194
845869,0.00000194
845899,0.00000194
846012,0.00000388
846141,0.00000194
847153,0.00000194
847427,0.00000194
848868,0.00000194
849791,0.00000194
850822,0.00000194
850886,0.00000194
851984,0.00000194
852202,0.00003200
853001,0.00000194
853425,0.00000194
855056,0.00000194
855159,0.00000194
855213,0.00000194
855418,0.00000194
855424,0.00000194
855486,0.00000194
855487,0.00000388
855510,0.00000194
855575,0.00000194
855877,0.00000194
856051,0.00000194
856654,0.00000194
857061,0.00000582
857145,0.00000194
857327,0.00000194
857698,0.00000194
858161,0.00000194
858976,0.00000194
860171,0.00000194
860490,0.00000194
860707,0.00000194
860789,0.00000194
861161,0.00000194
861264,0.00000194
861338,0.00000194
861850,0.00000194
861922,0.00000194
862215,0.00000194
862217,0.00000194
862248,0.00000194
862382,0.00000194
862578,0.00000194
862645,0.00000776
862957,0.00000388
863003,0.00000194
863442,0.00000194
863476,0.00000194
863691,0.00000194
863788,0.00000194
864101,0.00000194
864102,0.00000194
864152,0.00000194
864178,0.00000194
864579,0.00000194
864601,0.00000194
864931,0.00000194
864957,0.00000194
865477,0.00000194
865769,0.00000194
866095,0.00000194
866204,0.00000194
866206,0.00000194
866234,0.00000194
866247,0.00000194
866345,0.00000194
866570,0.00000194
866818,0.00000388
866875,0.00000194
866967,0.00000194
866993,0.00000194
867125,0.00000194
867261,0.00000194
867284,0.00000194
867678,0.00000194
867751,0.00000194
867757,0.00000194
867824,0.00000194
867868,0.00000194
867906,0.00000194
868007,0.00000194
868010,0.00000194
868083,0.00000194
868203,0.00000194
868274,0.00000194
868413,0.00000194
868582,0.00000194
868628,0.00000194
868840,0.00000194
868848,0.00000388
868849,0.00000194
869030,0.00000194
869047,0.00000194
869062,0.00000194
869082,0.00000194
869091,0.00000194
869096,0.00000194
869098,0.00000194
869236,0.00000388
869264,0.00000194
869339,0.00000194
869500,0.00000194
869664,0.00000194
869711,0.00001358
869741,0.00000194
869810,0.00000194
869816,0.00000194
869929,0.00000194
869931,0.00000194
870056,0.00000194
870070,0.00000194
870071,0.00000746
870072,0.00002643
870079,0.00001017
870081,0.00000113
870084,0.00000113
870087,0.00000970
870094,0.00000970
870113,0.00000113
870115,0.00000194
870116,0.00000194
870137,0.00000251
870142,0.00000194
870152,0.00000194
870156,0.00000113
870159,0.00000194
870169,0.00000194
870173,0.00000113
870188,0.00000138
870193,0.00000113
870194,0.00000113
870204,0.00000113
870214,0.00000138
870215,0.00000194
870223,0.00000194
870237,0.00000194
870245,0.00000194
870251,0.00000194
870255,0.00000194
870261,0.00000194
870265,0.00000194
870266,0.00000194
870273,0.00000194
870317,0.00000113
870319,0.00000194
870321,0.00000113
870324,0.00000226
870336,0.00000194
870343,0.00000388
870356,0.00000138
870379,0.00000869
870385,0.00000138
870386,0.00000194
870394,0.00000138
870402,0.00000194
870403,0.00000194
870459,0.00000194
870475,0.00000113
870477,0.00000194
870482,0.00000194
870513,0.00000113
870514,0.00000194
870532,0.00000113
870533,0.00000194
870534,0.00002430
870541,0.00000194
870553,0.00000194
870562,0.00000194
870563,0.00000194
870564,0.00000194
870567,0.00000194
870575,0.00000113
870576,0.00000194
870613,0.00000138
870626,0.00000194
870663,0.00000113
870710,0.00000113
870714,0.00000194
870746,0.00000194
870750,0.00000194
870753,0.00000388
870754,0.00000194
870774,0.00000113
870777,0.00000194
870796,0.00000194
870802,0.00000138
870809,0.00000113
870826,0.00000194
870845,0.00000113
870850,0.00000113
870872,0.00000113
870880,0.00000194
870885,0.00000194
870889,0.00000194
870890,0.00000113
870917,0.00000113
870962,0.00000138
870974,0.00000113
870987,0.00000194
871013,0.00000388
871032,0.00000138
871065,0.00000113
871075,0.00000113
871090,0.00000138
871110,0.00000194
871183,0.00000194
871188,0.00000194
871195,0.00000194
871207,0.00000194
871225,0.00000113
871239,0.00000194
871242,0.00000138
871276,0.00000138
871282,0.00000113
871284,0.00000113
871293,0.00000138
871295,0.00000194
871302,0.00000138
871319,0.00000194
871323,0.00000138
871340,0.00000226
871342,0.00000113
871344,0.00000113
871345,0.00000138
871351,0.00000138
871352,0.00000138
871365,0.00000113
871384,0.00000113
871393,0.00000138
871396,0.00000113
871427,0.00000194
871437,0.00000113
871438,0.00000113
871439,0.00000113
871440,0.00000113
871447,0.00000385
871449,0.00000113
871453,0.00000194
871470,0.00000194
871478,0.00000138
871486,0.00000138
871497,0.00000113
871531,0.00000113
871539,0.00000113
871555,0.00000138
871584,0.00000194
871646,0.00000138
871729,0.00000341
871743,0.00000138
871754,0.00000194
871757,0.00000138
871791,0.00000113
871792,0.00000113
871797,0.00000113
871799,0.00000194
871801,0.00000226
871829,0.00000194
871830,0.00000194
871839,0.00000194
871870,0.00000339
871882,0.00000138
871930,0.00000194
871944,0.00000194
871966,0.00000194
871976,0.00000113
871982,0.00000138
872009,0.00003104
872013,0.00000226
872029,0.00000194
872039,0.00000194
872045,0.00000113
872070,0.00000251
872078,0.00000194
872104,0.00000194
872162,0.00000194
872167,0.00000138
872176,0.00000113
872191,0.00000194
872195,0.00000113
872228,0.00000138
872230,0.00000113
872238,0.00000194
872243,0.00000113
872245,0.00000194
872268,0.00000276
872344,0.00000113
872357,0.00000194
872359,0.00000113
872374,0.00000113
872392,0.00000194
872431,0.00000307
872437,0.00000194
872450,0.00000194
872496,0.00000113
872504,0.00000113
872506,0.00000276
872546,0.00000307
872579,0.00000194
872590,0.00000138
872622,0.00000113
872659,0.00000113
872697,0.00000113
872703,0.00000113
872727,0.00000388
872751,0.00000138
872755,0.00000138
872797,0.00000113
872851,0.00000194
872878,0.00000113
872958,0.00000113
872976,0.00000113
872998,0.00000138
873000,0.00000138
873019,0.00000194
873073,0.00000138
873118,0.00000388
873128,0.00000113
873154,0.00000138
873157,0.00000113
873160,0.00000113
873204,0.00000194
873270,0.00000194
873307,0.00000113
873340,0.00000194
873343,0.00000113
873350,0.00000452
873361,0.00000194
873369,0.00000138
873374,0.00000113
873378,0.00000113
873382,0.00000194
873383,0.00000113
873387,0.00000113
873390,0.00000194
873401,0.00000194
873414,0.00000113
873454,0.00000194
873462,0.00000138
873478,0.00000138
873501,0.00000113
873505,0.00000113
873521,0.00000138
873574,0.00000307
873581,0.00000113
873634,0.00000138
873649,0.00000194
873681,0.00000388
873806,0.00000251
873842,0.00000138
873894,0.00000194
873945,0.00000138
873956,0.00000138
873973,0.00000113
873974,0.00000138
873985,0.00000113
874026,0.00000138
874063,0.00000138
874077,0.00000113
874094,0.00000194
874124,0.00000138
874127,0.00000113
874159,0.00000339
874167,0.00000194
874232,0.00000113
874253,0.00000194
874270,0.00000113
874274,0.00000138
874275,0.00000138
874360,0.00000194
874395,0.00000113
874460,0.00000388
874528,0.00000276
874541,0.00000113
874565,0.00000138
874635,0.00000138
874656,0.00000113
874659,0.00000194
874763,0.00000138
874782,0.00000113
874796,0.00000194
874824,0.00000113
874866,0.00000113
874879,0.00000194
874911,0.00000113
874956,0.00000194
874981,0.00000828
875010,0.00000138
875045,0.00000113
875073,0.00000138
875103,0.00000138
875146,0.00000138
875149,0.00000194
875214,0.00000138
875301,0.00000138
875342,0.00000138
875345,0.00000138
875351,0.00000138
875363,0.00000194
875391,0.00000113
875463,0.00000113
875483,0.00000113
875488,0.00000138
875496,0.00000113
875500,0.00000276
875502,0.00000113
875564,0.00000113
875565,0.00000138
875574,0.00000194
875580,0.00000194
875584,0.00000113
875607,0.00000138
875651,0.00000194
875709,0.00000138
875713,0.00000138
875786,0.00000113
875826,0.00000113
875960,0.00000138
876026,0.00000138
876047,0.00000113
876053,0.00000194
876092,0.00000113
876113,0.00000276
876123,0.00000138
876135,0.00000194
876149,0.00000251
876168,0.00000138
876176,0.00000113
876187,0.00000194
876198,0.00000113
876223,0.00000113
876257,0.00000113
876301,0.00000388
876307,0.00000138
876343,0.00000138
876376,0.00000138
876397,0.00000138
876428,0.00000194
876440,0.00000113
876476,0.00000276
876558,0.00000194
876606,0.00000113
876632,0.00000113
876655,0.00000276
876740,0.00000138
876745,0.00000194
876782,0.00000388
876787,0.00000113
876794,0.00000113
876810,0.00000194
876868,0.00000113
876869,0.00000113
876887,0.00000113
876903,0.00000113
876920,0.00000194
876924,0.00000138
876938,0.00000113
876940,0.00000138
876941,0.00000113
876968,0.00000138
876979,0.00000138
876988,0.00000113
876991,0.00000113
877028,0.00000113
877030,0.00000113
877049,0.00000113
877066,0.00000113
877071,0.00000194
877074,0.00000445
877075,0.00000113
877077,0.00000138
877104,0.00000113
877108,0.00000138
877146,0.00000113
877159,0.00000194
877167,0.00000113
877170,0.00000113
877200,0.00000138
877210,0.00000194
877213,0.00000414
877214,0.00000138
877221,0.00000138
877223,0.00000138
877233,0.00000226
877236,0.00000138
877240,0.00000138
877246,0.00000388
877253,0.00000138
877266,0.00000138
877269,0.00000113
877272,0.00000138
877354,0.00000194
877365,0.00000226
877368,0.00000194
877387,0.00000113
877393,0.00000113
877426,0.00000276
877435,0.00000113
877468,0.00000138
877480,0.00000138
877542,0.00000138
877547,0.00000194
877548,0.00000138
877554,0.00000138
877561,0.00000113
877589,0.00000113
877648,0.00000194
877650,0.00000113
877663,0.00000138
877671,0.00000113
877673,0.00000113
877724,0.00000276
877767,0.00000113
877816,0.00000113
877817,0.00000113
877833,0.00000113
877884,0.00000194
877908,0.00000194
877914,0.00000194
877918,0.00000138
877929,0.00000113
877948,0.00000113
877960,0.00000113
877963,0.00000307
877988,0.00000113
877992,0.00000113
878000,0.00000113
878023,0.00000113
878024,0.00000138
878036,0.00000113
878041,0.00000113
878069,0.00000194
878089,0.00000113
878097,0.00000138
878106,0.00000138
878129,0.00000113
878143,0.00000113
878186,0.00000138
878188,0.00000194
878232,0.00000388
878235,0.00000138
878238,0.00000138
878259,0.00000113
878280,0.00000113
878298,0.00000113
878313,0.00000113
878334,0.00000113
878337,0.00000113
878338,0.00000113
878341,0.00000194
878346,0.00000138
878376,0.00000113
878384,0.00000113
878390,0.00000113
878406,0.00000113
878462,0.00000113
878474,0.00000138
878489,0.00000138
878492,0.00000194
878505,0.00000194
878512,0.00000113
878514,0.00000113
878517,0.00000194
878521,0.00000138
878533,0.00000194
878546,0.00000138
878552,0.00000113
878583,0.00000138
878592,0.00000138
878603,0.00000138
878616,0.00000113
878624,0.00000194
878629,0.00000113
878631,0.00000113
878640,0.00000113
878676,0.00000113
878698,0.00000138
878710,0.00000226
878780,0.00000194
878786,0.00000113
878847,0.00000113
878850,0.00000113
878894,0.00000194
878924,0.00000113
878926,0.00000138
878929,0.00000113
878933,0.00000477
878946,0.00000113
878951,0.00000113
878952,0.00000113
878970,0.00000414
878971,0.00000966
878972,0.00001794
878973,0.00001493
878975,0.00000113
878976,0.00001017
878977,0.00002486
878978,0.00001130
878979,0.00002486
878980,0.00002599
878991,0.00000113
879006,0.00011178
879007,0.00327198
879008,0.00702696
879011,0.00032706
879015,0.00062238
879016,0.00728671
879020,0.00030100
879040,0.00000194
879076,0.00000113
879095,0.00000113
879110,0.00000113
879141,0.00006929
879142,0.00040663
879145,0.00025086
879146,0.00002147
879151,0.00004407
879152,0.00004934
879153,0.00002373
879156,0.00014916
879157,0.00024182
879158,0.00005311
879160,0.00036386
879161,0.00017628
879162,0.00009944
879163,0.00046669
879165,0.00030849
879168,0.00009379
879177,0.00000113
879179,0.00001469
879180,0.00000565
879183,0.00003277
879186,0.00002147
879189,0.00011978
879190,0.00005085
879191,0.00001469
879192,0.00000791
879193,0.00000226
879194,0.00002373
879196,0.00000194
879197,0.00000452
879198,0.00010986
879200,0.00000388
879203,0.00000904
879204,0.00028815
879208,0.00007232
879209,0.00005110
879210,0.00018532
879213,0.00045878
879215,0.00041358
879238,0.00030284
879239,0.00000113
879242,0.00011526
879243,0.00002373
879251,0.00026668
879254,0.00000113
879264,0.00005813
879266,0.00010747
879267,0.00049155
879268,0.00049381
879269,0.00057065
879279,0.00020679
879280,0.00013560
879281,0.00003164
879282,0.00018984
879283,0.00025199
879284,0.00027798
879287,0.00021809
879288,0.00023391
879290,0.00004068
879293,0.00006102
879294,0.00005537
879295,0.00008701
879297,0.00014125
879298,0.00052884
879299,0.00020905
879302,0.00038081
879303,0.00022939
879310,0.00000113
879311,0.00000452
879312,0.00015368
879315,0.00002260
879325,0.00014125
879326,0.00001243
879327,0.00003842
879328,0.00016159
879331,0.00000113
879333,0.00019210
879334,0.00019662
879402,0.00000113
879430,0.00000113
879434,0.00000113
879443,0.00000113
879451,0.00000194
879454,0.00000113
879509,0.00000194
879515,0.00000194
879538,0.00000113
879577,0.00000113
879578,0.00000113
879608,0.00006102
879614,0.00009831
879615,0.00014690
879616,0.00000113
879643,0.00000113
879655,0.00000307
879677,0.00000194
879695,0.00000113
879702,0.00016385
879703,0.00002599
879704,0.00009831
879705,0.00021583
879707,0.00018984
879717,0.00002486
879718,0.00018758
879719,0.00008362
879723,0.00009718
879725,0.00006554
879726,0.00008588
879728,0.00009040
879730,0.00016724
879731,0.00006215
879732,0.00000904
879733,0.00030397
879734,0.00000339
879735,0.00029832
879736,0.00004633
879737,0.00024182
879738,0.00018758
879739,0.00000452
879740,0.00006780
879743,0.00006215
879744,0.00028476
879752,0.00024295
879753,0.00006328
879754,0.00009831
879775,0.00000113
879776,0.00000565
879777,0.00014916
879778,0.00002793
879783,0.00012995
879784,0.00008136
879806,0.00000113
879808,0.00000194
879828,0.00011752
879829,0.00009686
879831,0.00018532
879832,0.00013447
879835,0.00020276
879843,0.00001017
879844,0.00014125
879845,0.00001469
879846,0.00017063
879848,0.00017741
879849,0.00005424
879850,0.00001469
879851,0.00008362
879852,0.00013786
879853,0.00026668
879854,0.00014464
879856,0.00014464
879857,0.00030171
879858,0.00008136
879859,0.00012995
879860,0.00000113
879861,0.00002712
879862,0.00008814
879863,0.00002825
879864,0.00000339
879867,0.00008927
879868,0.00004633
879869,0.00005989
879870,0.00030849
879871,0.00016385
879872,0.00013673
879873,0.00029606
879874,0.00002034
879875,0.00004068
879876,0.00019549
879877,0.00007006
879878,0.00014690
879879,0.00018758
879880,0.00009492
879884,0.00000565
879885,0.00001243
879887,0.00002373
879894,0.00000194
879899,0.00000113
879901,0.00022939
879943,0.00000194
879949,0.00015933
879956,0.00004520
879965,0.00002486
879978,0.00004520
879982,0.00000113
879983,0.00010735
879984,0.00013447
879986,0.00003164
879987,0.00000565
879988,0.00013221
879989,0.00010703
879990,0.00017063
879991,0.00001695
879998,0.00000113
880047,0.00000194
880129,0.00000194
880163,0.00000194
880213,0.00000194
880223,0.00000194
880265,0.00000194
880356,0.00000194
880446,0.00000194
880488,0.00000194
880516,0.00000194
880521,0.00000388
880629,0.00000194
880783,0.00000194
880893,0.00004850
880906,0.00000194
880933,0.00000388
880982,0.00000194
881003,0.00003104
881004,0.00005626
881006,0.00008730
881007,0.00052186
881009,0.00000582
881011,0.00024250
881012,0.00021340
881015,0.00011446
881016,0.00020564
881021,0.00011640
881027,0.00012222
881046,0.00000194
881050,0.00000970
881051,0.00017460
881060,0.00012028
881061,0.00041322
881063,0.00041128
881082,0.00000194
881088,0.00008924
881089,0.00051410
881090,0.00000388
881124,0.00018430
881126,0.00008730
881127,0.00017460
881130,0.00023086
881134,0.00028906
881136,0.00063826
881138,0.00046172
881139,0.00007566
881140,0.00002716
881141,0.00010476
881144,0.00000582
881145,0.00008536
881150,0.00004656
881151,0.00001940
881155,0.00003104
881156,0.00039382
881158,0.00023280
881159,0.00090986
881160,0.00026190
881161,0.00020176
881162,0.00016878
881163,0.00016878
881164,0.00052380
881167,0.00058782
881168,0.00363556
881169,0.00770374
881170,0.00536798
881172,0.00000194
797570,0.00021
819455,0.000042
819458,0.000066
819569,0.000006
819619,0.000006
819666,0.000006
819700,0.000006
819724,0.000006
819789,0.000006
819859,0.000006
820088,0.000030
820124,0.000006
820553,0.000006
820797,0.000006
820815,0.000006
820862,0.000120
821328,0.000006
824539,0.000006
829390,0.000006
829605,0.000006
829816,0.000006
829862,0.000006
830174,0.000006
830180,0.000006
830230,0.000006
830283,0.000006
830310,0.000006
830462,0.000006
830475,0.000006
830479,0.000006
830610,0.000006
830673,0.000018
831074,0.000006
831290,0.000006
831378,0.000006
831497,0.000006
831814,0.000006
831937,0.000006
831991,0.000006
832104,0.000006
832120,0.000006
832131,0.000006
832188,0.000006
832191,0.000006
832244,0.000006
832401,0.000006
832404,0.000006
832473,0.000006
832519,0.000006
832591,0.000012
832644,0.000006
832687,0.000006
832836,0.000006
832995,0.000006
833083,0.000006
833119,0.000006
833200,0.000006
833315,0.000006
833345,0.000006
833382,0.000006
833566,0.000006
834004,0.000006
834028,0.000006
834073,0.000006
834099,0.000006
834473,0.000006
834786,0.000006
835613,0.000006
836068,0.000006
836134,0.000006
836543,0.000006
836587,0.000006
836942,0.000006
837172,0.000006
837551,0.000006
837680,0.000006
837759,0.000012
838555,0.000006
839407,0.000006
839668,0.000006
842206,0.000006
843926,0.000006
844375,0.000006
844475,0.000006
844506,0.000006
844821,0.000006
844855,0.000006
845180,0.000006
845869,0.000006
845899,0.000006
846012,0.000012
846141,0.000006
847153,0.000006
847427,0.000006
848868,0.000006
849791,0.000006
850822,0.000006
850886,0.000006
851984,0.000006
852202,0.000024
853001,0.000006
853425,0.000006
855056,0.000006
855159,0.000006
855213,0.000006
855418,0.000006
855424,0.000006
855486,0.000006
855487,0.000012
855510,0.000006
855575,0.000006
855877,0.000006
856051,0.000006
856654,0.000006
857061,0.000018
857145,0.000006
857327,0.000006
857698,0.000006
858161,0.000006
858976,0.000006
860171,0.000006
860490,0.000006
860707,0.000006
860789,0.000006
861161,0.000006
861264,0.000006
861338,0.000006
861850,0.000006
861922,0.000006
862215,0.000006
862217,0.000006
862248,0.000006
862382,0.000006
862578,0.000006
862645,0.000024
862957,0.000012
863003,0.000006
863442,0.000006
863476,0.000006
863691,0.000006
863788,0.000006
864101,0.000006
864102,0.000006
864152,0.000006
864178,0.000006
864579,0.000006
864601,0.000006
864931,0.000006
864957,0.000006
865477,0.000006
865769,0.000006
866095,0.000006
866204,0.000006
866206,0.000006
866234,0.000006
866247,0.000006
866345,0.000006
866570,0.000006
866818,0.000012
866875,0.000006
866967,0.000006
866993,0.000006
867125,0.000006
867261,0.000006
867284,0.000006
867678,0.000006
867751,0.000006
867757,0.000006
867824,0.000006
867868,0.000006
867906,0.000006
868007,0.000006
868010,0.000006
868083,0.000006
868203,0.000006
868274,0.000006
868413,0.000006
868582,0.000006
868628,0.000006
868840,0.000006
868848,0.000012
868849,0.000006
869030,0.000006
869047,0.000006
869062,0.000006
869082,0.000006
869091,0.000006
869096,0.000006
869098,0.000006
869236,0.000012
869264,0.000006
869339,0.000006
869500,0.000006
869664,0.000006
869711,0.000042
869741,0.000006
869810,0.000006
869816,0.000006
869929,0.000006
869931,0.000006
870056,0.000006
870070,0.000006
870071,0.0000066
870072,0.0000066
870079,0.0000033
870081,0.0000033
870084,0.0000033
870087,0.000006
870094,0.00003
870113,0.0000033
870115,0.000006
870116,0.000006
870137,0.0000093
870142,0.000006
870152,0.000006
870156,0.0000033
870159,0.000006
870169,0.000006
870173,0.0000033
870188,0.000006
870193,0.0000033
870194,0.0000033
870204,0.0000033
870214,0.000006
870215,0.000006
870223,0.000006
870237,0.000006
870245,0.000006
870251,0.000006
870255,0.000006
870261,0.000006
870265,0.000006
870266,0.000006
870273,0.000006
870317,0.0000033
870319,0.000006
870321,0.0000033
870324,0.0000066
870336,0.000006
870343,0.000012
870356,0.000006
870379,0.0000099
870385,0.000006
870386,0.000006
870394,0.000006
870402,0.000006
870403,0.000006
870459,0.000006
870475,0.0000033
870477,0.000006
870482,0.000006
870513,0.0000033
870514,0.000006
870532,0.0000033
870533,0.000006
870534,0.0000297
870541,0.000006
870553,0.000006
870562,0.000006
870563,0.000006
870564,0.000006
870567,0.000006
870575,0.0000033
870576,0.000006
870613,0.000006
870626,0.000006
870663,0.0000033
870710,0.0000033
870714,0.000006
870746,0.000006
870750,0.000006
870753,0.000012
870754,0.000006
870774,0.0000033
870777,0.000006
870796,0.000006
870802,0.000006
870809,0.0000033
870826,0.000006
870845,0.0000033
870850,0.0000033
870872,0.0000033
870880,0.000006
870885,0.000006
870889,0.000006
870890,0.0000033
870917,0.0000033
870962,0.000006
870974,0.0000033
870987,0.000006
871013,0.000012
871032,0.000006
871065,0.0000033
871075,0.0000033
871090,0.000006
871110,0.000006
871183,0.000006
871188,0.000006
871195,0.000006
871207,0.000006
871225,0.0000033
871239,0.000006
871242,0.000006
871276,0.000006
871282,0.0000033
871284,0.0000033
871293,0.000006
871295,0.000006
871302,0.000006
871319,0.000006
871323,0.000006
871340,0.0000066
871342,0.0000033
871344,0.0000033
871345,0.000006
871351,0.000006
871352,0.000006
871365,0.0000033
871384,0.0000033
871393,0.000006
871396,0.0000033
871427,0.000006
871437,0.0000033
871438,0.0000033
871439,0.0000033
871440,0.0000033
871447,0.00000623
871449,0.0000033
871453,0.000006
871470,0.000006
871478,0.000006
871486,0.000006
871497,0.0000033
871531,0.0000033
871539,0.0000033
871555,0.000006
871584,0.000006
871646,0.000006
871729,0.00000673
871743,0.000006
871754,0.000006
871757,0.000006
871791,0.0000033
871792,0.0000033
871797,0.0000033
871799,0.000006
871801,0.0000066
871829,0.000006
871830,0.000006
871839,0.000006
871870,0.0000099
871882,0.000006
871930,0.000006
871944,0.000006
871966,0.000006
871976,0.0000033
871982,0.000006
872009,0.000096
872013,0.0000066
872029,0.000006
872039,0.000006
872045,0.0000033
872070,0.0000093
872078,0.000006
872104,0.000006
872162,0.000006
872167,0.000006
872176,0.0000033
872191,0.000006
872195,0.0000033
872228,0.000006
872230,0.0000033
872238,0.000006
872243,0.0000033
872245,0.000006
872268,0.000012
872344,0.0000033
872357,0.000006
872359,0.0000033
872374,0.0000033
872392,0.000006
872431,0.0000093
872437,0.000006
872450,0.000006
872496,0.0000033
872504,0.0000033
872506,0.000012
872546,0.0000093
872579,0.000006
872590,0.000006
872622,0.0000033
872659,0.0000033
872697,0.0000033
872703,0.0000033
872727,0.000012
872751,0.000006
872755,0.000006
872797,0.0000033
872851,0.000006
872878,0.0000033
872958,0.0000033
872976,0.0000033
872998,0.000006
873000,0.000006
873019,0.000006
873073,0.000006
873118,0.000012
873128,0.0000033
873154,0.000006
873157,0.0000033
873160,0.0000033
873204,0.000006
873270,0.000006
873307,0.0000033
873340,0.000006
873343,0.0000033
873350,0.0000132
873361,0.000006
873369,0.000006
873374,0.0000033
873378,0.0000033
873382,0.000006
873383,0.0000033
873387,0.0000033
873390,0.000006
873401,0.000006
873414,0.0000033
873454,0.000006
873462,0.000006
873478,0.000006
873501,0.0000033
873505,0.0000033
873521,0.000006
873574,0.0000093
873581,0.0000033
873634,0.000006
873649,0.000006
873681,0.000012
873806,0.0000093
873842,0.000006
873894,0.000006
873945,0.000006
873956,0.000006
873973,0.0000033
873974,0.000006
873985,0.0000033
874026,0.000006
874063,0.000006
874077,0.0000033
874094,0.000006
874124,0.000006
874127,0.0000033
874159,0.0000099
874167,0.000006
874232,0.0000033
874253,0.000006
874270,0.0000033
874274,0.000006
874275,0.000006
874360,0.000006
874395,0.0000033
874460,0.000012
874528,0.000012
874541,0.0000033
874565,0.000006
874635,0.000006
874656,0.0000033
874659,0.000006
874763,0.000006
874782,0.0000033
874796,0.000006
874824,0.0000033
874866,0.0000033
874879,0.000006
874911,0.0000033
874956,0.000006
874981,0.000006
875010,0.000006
875045,0.0000033
875073,0.000006
875103,0.000006
875146,0.000006
875149,0.000006
875214,0.000006
875301,0.000006
875342,0.000006
875345,0.000006
875351,0.000006
875363,0.000006
875391,0.0000033
875463,0.0000033
875483,0.0000033
875488,0.000006
875496,0.0000033
875500,0.000012
875502,0.0000033
875564,0.0000033
875565,0.000006
875574,0.000006
875580,0.000006
875584,0.0000033
875607,0.000006
875651,0.000006
875709,0.000006
875713,0.000006
875786,0.0000033
875826,0.0000033
875960,0.000006
876026,0.000006
876047,0.0000033
876053,0.000006
876092,0.0000033
876113,0.000012
876123,0.000006
876135,0.000006
876149,0.0000093
876168,0.000006
876176,0.0000033
876187,0.000006
876198,0.0000033
876223,0.0000033
876257,0.0000033
876301,0.000012
876307,0.000006
876343,0.000006
876376,0.000006
876397,0.000006
876428,0.000006
876440,0.0000033
876476,0.000012
876558,0.000006
876606,0.0000033
876632,0.0000033
876655,0.000012
876740,0.000006
876745,0.000006
876782,0.000012
876787,0.0000033
876794,0.0000033
876810,0.000006
876868,0.0000033
876869,0.0000033
876887,0.0000033
876903,0.0000033
876920,0.000006
876924,0.000006
876938,0.0000033
876940,0.000006
876941,0.0000033
876968,0.000006
876979,0.000006
876988,0.0000033
876991,0.0000033
877028,0.0000033
877030,0.0000033
877049,0.0000033
877066,0.0000033
877071,0.000006
877074,0.0000153
877075,0.0000033
877077,0.000006
877104,0.0000033
877108,0.000006
877146,0.0000033
877159,0.000006
877167,0.0000033
877170,0.0000033
877200,0.000006
877210,0.000006
877213,0.000018
877214,0.000006
877221,0.000006
877223,0.000006
877233,0.0000066
877236,0.000006
877240,0.000006
877246,0.000012
877253,0.000006
877266,0.000006
877269,0.0000033
877272,0.000006
877354,0.000006
877365,0.0000066
877368,0.000006
877387,0.0000033
877393,0.0000033
877426,0.000012
877435,0.0000033
877468,0.000006
877480,0.000006
877542,0.000006
877547,0.000006
877548,0.000006
877554,0.000006
877561,0.0000033
877589,0.0000033
877648,0.000006
877650,0.0000033
877663,0.000006
877671,0.0000033
877673,0.0000033
877724,0.000012
877767,0.0000033
877816,0.0000033
877817,0.0000033
877833,0.0000033
877884,0.000006
877908,0.000006
877914,0.000006
877918,0.000006
877929,0.0000033
877948,0.0000033
877960,0.0000033
877963,0.0000093
877988,0.0000033
877992,0.0000033
878000,0.0000033
878023,0.0000033
878024,0.000006
878036,0.0000033
878041,0.0000033
878069,0.000006
878089,0.0000033
878097,0.000006
878106,0.000006
878129,0.0000033
878143,0.0000033
878186,0.000006
878188,0.000006
878232,0.000012
878235,0.000006
878238,0.000006
878259,0.0000033
878280,0.0000033
878298,0.0000033
878313,0.0000033
878334,0.0000033
878337,0.0000033
878338,0.0000033
878341,0.000006
878346,0.000006
878376,0.0000033
878384,0.0000033
878390,0.0000033
878406,0.0000033
878462,0.0000033
878474,0.000006
878489,0.000006
878492,0.000006
878505,0.000006
878512,0.0000033
878514,0.0000033
878517,0.000006
878521,0.000006
878533,0.000006
878546,0.000006
878552,0.0000033
878583,0.000006
878592,0.000006
878603,0.000006
878616,0.0000033
878624,0.000006
878629,0.0000033
878631,0.0000033
878640,0.0000033
878676,0.0000033
878698,0.000006
878710,0.0000066
878780,0.000006
878786,0.0000033
878847,0.0000033
878850,0.0000033
878894,0.000006
878924,0.0000033
878926,0.000006
878929,0.0000033
878933,0.0000159
878946,0.0000033
878951,0.0000033
878952,0.0000033
878970,0.000018
878971,0.000042
878972,0.000078
878973,0.0000633
878975,0.0000033
878976,0.0000297
878977,0.0000726
878978,0.000033
878979,0.0000726
878980,0.0000759
878991,0.0000033
879006,0.000486
879007,0.0142260
879008,0.03055199
879011,0.001422
879015,0.002706
879016,0.0240081
879020,0.0010248
879040,0.000006
879076,0.0000033
879095,0.0000033
879110,0.0000033
879141,0.0002319
879142,0.0012663
879145,0.0007326
879146,0.0000627
879151,0.0001287
879152,0.00015
879153,0.0000693
879156,0.0004356
879157,0.0007062
879158,0.0001551
879160,0.0010626
879161,0.0005148
879162,0.0002904
879163,0.0013629
879165,0.0009009
879168,0.0002739
879177,0.0000033
879179,0.0000429
879180,0.0000165
879183,0.0000957
879186,0.0000627
879189,0.0003498
879190,0.0001485
879191,0.0000429
879192,0.0000231
879193,0.0000066
879194,0.0000693
879196,0.000006
879197,0.0000132
879198,0.0003228
879200,0.000012
879203,0.0000264
879204,0.0008415
879208,0.0002112
879209,0.0001512
879210,0.0005412
879213,0.0013398
879215,0.0012078
879238,0.0008844
879239,0.0000033
879242,0.0003366
879243,0.0000693
879251,0.0007788
879254,0.0000033
879264,0.0001737
879266,0.0003237
879267,0.0014355
879268,0.0014421
879269,0.0016665
879279,0.0006039
879280,0.000396
879281,0.0000924
879282,0.0005544
879283,0.0007359
879284,0.0008118
879287,0.0006369
879288,0.0006831
879290,0.0001188
879293,0.0001782
879294,0.0001617
879295,0.0002541
879297,0.0004125
879298,0.0015444
879299,0.0006105
879302,0.0011121
879303,0.0006699
879310,0.0000033
879311,0.0000132
879312,0.0004488
879315,0.000066
879325,0.0004125
879326,0.0000363
879327,0.0001122
879328,0.0004719
879331,0.0000033
879333,0.000561
879334,0.0005742
879402,0.0000033
879430,0.0000033
879434,0.0000033
879443,0.0000033
879451,0.000006
879454,0.0000033
879509,0.000006
879515,0.000006
879538,0.0000033
879577,0.0000033
879578,0.0000033
879608,0.0001782
879614,0.0002871
879615,0.000429
879616,0.0000033
879643,0.0000033
879655,0.0000093
879677,0.000006
879695,0.0000033
879702,0.0004785
879703,0.0000759
879704,0.0002871
879705,0.0006303
879707,0.0005544
879717,0.0000726
879718,0.0005478
879719,0.0002442
879723,0.0002838
879725,0.0001914
879726,0.0002508
879728,0.000264
879730,0.0004884
879731,0.0001815
879732,0.0000264
879733,0.0008877
879734,0.0000099
879735,0.0008712
879736,0.0001353
879737,0.0007062
879738,0.0005478
879739,0.0000132
879740,0.000198
879743,0.0001815
879744,0.0008316
879752,0.0007095
879753,0.0001848
879754,0.0002871
879775,0.0000033
879776,0.0000165
879777,0.0004356
879778,0.0000819
879783,0.0003795
879784,0.0002376
879806,0.0000033
879808,0.000006
879828,0.0003432
879829,0.0002832
879831,0.0005412
879832,0.0003927
879835,0.0005928
879843,0.0000297
879844,0.0004125
879845,0.0000429
879846,0.0004983
879848,0.0005181
879849,0.0001584
879850,0.0000429
879851,0.0002442
879852,0.0004026
879853,0.0007788
879854,0.0004224
879856,0.0004224
879857,0.0008811
879858,0.0002376
879859,0.0003795
879860,0.0000033
879861,0.0000792
879862,0.0002574
879863,0.0000825
879864,0.0000099
879867,0.0002607
879868,0.0001353
879869,0.0001749
879870,0.0009009
879871,0.0004785
879872,0.0003993
879873,0.0008646
879874,0.0000594
879875,0.0001188
879876,0.0005709
879877,0.0002046
879878,0.000429
879879,0.0005478
879880,0.0002772
879884,0.0000165
879885,0.0000363
879887,0.0000693
879894,0.000006
879899,0.0000033
879901,0.0006699
879943,0.000006
879949,0.0004653
879956,0.000132
879965,0.0000726
879978,0.000132
879982,0.0000033
879983,0.0003135
879984,0.0003927
879986,0.0000924
879987,0.0000165
879988,0.0003861
879989,0.0003129
879990,0.0004983
879991,0.0000495
879998,0.0000033
880047,0.000006
880129,0.000006
880163,0.000006
880213,0.000006
880223,0.000006
880265,0.000006
880356,0.000006
880446,0.000006
880488,0.000006
880516,0.000006
880521,0.000012
880629,0.000006
880783,0.000006
880893,0.00015
880906,0.000006
880933,0.000012
880982,0.000006
881003,0.000096
881004,0.000174
881006,0.00027
881007,0.001614
881009,0.000018
881011,0.00075
881012,0.00066
881015,0.000354
881016,0.000636
881021,0.00036
881027,0.000378
881046,0.000006
881050,0.00003
881051,0.00054
881060,0.000372
881061,0.001278
881063,0.001272
881082,0.000006
881088,0.000276
881089,0.00159
881090,0.000012
881124,0.00057
881126,0.00027
881127,0.00054
881130,0.000714
881134,0.000894
881136,0.001974
881138,0.001428
881139,0.000234
881140,0.000084
881141,0.000324
881144,0.000018
881145,0.000264
881150,0.000144
881151,0.00006
881155,0.000096
881156,0.001218
881158,0.00072
881159,0.002814
881160,0.00081
881161,0.000624
881162,0.000522
881163,0.000522
881164,0.00162
881167,0.001818
881168,0.011244
881169,0.023826
881170,0.016602
881172,0.000006